lineItem/referenceNo,lineItem/tenantId,lineItem/intervalUsageStart,lineItem/intervalUsageEnd,product/service,product/resource,product/compartmentId,product/compartmentName,product/region,product/availabilityDomain,product/resourceId,usage/consumedQuantity,usage/billedQuantity,usage/consumedQuantityUnits,usage/consumedQuantityMeasure,lineItem/isCorrection,lineItem/backreferenceNo,tags/Oracle-Tags.CreatedBy,tags/Oracle-Tags.CreatedOn,tags/orcl-cloud.free-tier-retained
V2.cDVVafPJOohHmYIJVjimVVSgYhVBmNKTGB+AsLKlEOVpSJDBIiCNEey==,ocid1.tenancy.oc1..wYxQtOPqXABVNJzZeoEIOkUQCrXhhVuNYSxFwhL,2022-04-01T00:00Z,2022-04-01T01:00Z,COMPUTE,PIC_COMPUTE_VM_STANDARD_E2_MICRO_FREE,ocid1.tenancy.oc1..wYxQtOPqXABVNJzZeoEIOkUQCrXhhVuNYSxFwhL,williammorales,us-phoenix-1,pUIl:US-PHOENIX-1-AD-3,ocid1.instance.oci.us-phoenix-1.CWAxrzuSmoSbBlJMhOpncqnePpcttXPIil,818328709,910164768,GB_MS,STORAGE_SIZE,true,V2.cDVVafPJOohHmYIJVjimVVSgYhVBmNKTGB+SSOgaasJjTIQXdfBgxmK==,default/williammorales@gmail.com,,true
V2.cDVVafPJOohHmYIJVjimVVSgYhVBmNKTGB+CFhmSpitlVyXpOkuBiXr==,ocid1.tenancy.oc1..wYxQtOPqXABVNJzZeoEIOkUQCrXhhVuNYSxFwhL,2022-04-01T01:00Z,2022-04-01T02:00Z,COMPUTE,PIC_COMPUTE_VM_STANDARD_E2_MICRO_FREE,ocid1.tenancy.oc1..wYxQtOPqXABVNJzZeoEIOkUQCrXhhVuNYSxFwhL,williammorales,us-phoenix-1,pUIl:US-PHOENIX-1-AD-3,ocid1.instance.oci.us-phoenix-1.CWAxrzuSmoSbBlJMhOpncqnePpcttXPIil,818328709,910164768,GB_MS,STORAGE_SIZE,true,V2.cDVVafPJOohHmYIJVjimVVSgYhVBmNKTGB+BDKVtbPbKKuqfmcECyzH==,default/williammorales@gmail.com,2022-04-01T02:39:15.000Z,
V2.cDVVafPJOohHmYIJVjimVVSgYhVBmNKTGB+UNSEdocIVAUKfhNMqkxZ==,ocid1.tenancy.oc1..wYxQtOPqXABVNJzZeoEIOkUQCrXhhVuNYSxFwhL,2022-04-01T02:00Z,2022-04-01T03:00Z,COMPUTE,PIC_COMPUTE_VM_STANDARD_E2_MICRO_FREE,ocid1.tenancy.oc1..wYxQtOPqXABVNJzZeoEIOkUQCrXhhVuNYSxFwhL,williammorales,us-phoenix-1,pUIl:US-PHOENIX-1-AD-3,ocid1.instance.oci.us-phoenix-1.CWAxrzuSmoSbBlJMhOpncqnePpcttXPIil,818328709,910164768,GB_MS,STORAGE_SIZE,true,V2.cDVVafPJOohHmYIJVjimVVSgYhVBmNKTGB+cWSoWJSYdhqtOrgxMBqt==,default/williammorales@gmail.com,,
V2.cDVVafPJOohHmYIJVjimVVSgYhVBmNKTGB+mvExKpbYpyegjNFRAssY==,ocid1.tenancy.oc1..wYxQtOPqXABVNJzZeoEIOkUQCrXhhVuNYSxFwhL,2022-04-01T03:00Z,2022-04-01T04:00Z,COMPUTE,PIC_COMPUTE_VM_STANDARD_E2_MICRO_FREE,ocid1.tenancy.oc1..wYxQtOPqXABVNJzZeoEIOkUQCrXhhVuNYSxFwhL,williammorales,us-phoenix-1,pUIl:US-PHOENIX-1-AD-3,ocid1.instance.oci.us-phoenix-1.CWAxrzuSmoSbBlJMhOpncqnePpcttXPIil,818328709,910164768,GB_MS,STORAGE_SIZE,true,V2.cDVVafPJOohHmYIJVjimVVSgYhVBmNKTGB+eNfpGKVONpDkGRMcUuPr==,default/williammorales@gmail.com,2022-04-01T03:45:36.000Z,
V2.cDVVafPJOohHmYIJVjimVVSgYhVBmNKTGB+PNILqkRJbrlZEUpobDGN==,ocid1.tenancy.oc1..wYxQtOPqXABVNJzZeoEIOkUQCrXhhVuNYSxFwhL,2022-04-01T04:00Z,2022-04-01T05:00Z,COMPUTE,PIC_COMPUTE_VM_STANDARD_E2_MICRO_FREE,ocid1.tenancy.oc1..wYxQtOPqXABVNJzZeoEIOkUQCrXhhVuNYSxFwhL,williammorales,us-phoenix-1,pUIl:US-PHOENIX-1-AD-3,ocid1.instance.oci.us-phoenix-1.CWAxrzuSmoSbBlJMhOpncqnePpcttXPIil,818328709,910164768,GB_MS,STORAGE_SIZE,true,V2.cDVVafPJOohHmYIJVjimVVSgYhVBmNKTGB+FmWtQBoLgPNJiMjbgsgI==,default/williammorales@gmail.com,2022-04-01T05:12:14.000Z,
V2.cDVVafPJOohHmYIJVjimVVSgYhVBmNKTGB+hJXMHvoJdKvONRyObNsV==,ocid1.tenancy.oc1..wYxQtOPqXABVNJzZeoEIOkUQCrXhhVuNYSxFwhL,2022-04-01T05:00Z,2022-04-01T06:00Z,COMPUTE,PIC_COMPUTE_VM_STANDARD_E2_MICRO_FREE,ocid1.tenancy.oc1..wYxQtOPqXABVNJzZeoEIOkUQCrXhhVuNYSxFwhL,williammorales,us-phoenix-1,pUIl:US-PHOENIX-1-AD-3,ocid1.instance.oci.us-phoenix-1.CWAxrzuSmoSbBlJMhOpncqnePpcttXPIil,818328709,910164768,GB_MS,STORAGE_SIZE,true,V2.cDVVafPJOohHmYIJVjimVVSgYhVBmNKTGB+TvxSzFVMbFdAtcNAfEWv==,default/williammorales@gmail.com,2022-04-01T05:32:04.000Z,
V2.cDVVafPJOohHmYIJVjimVVSgYhVBmNKTGB+sRVeZgguVztjCMXYGxgG==,ocid1.tenancy.oc1..wYxQtOPqXABVNJzZeoEIOkUQCrXhhVuNYSxFwhL,2022-04-01T06:00Z,2022-04-01T07:00Z,COMPUTE,PIC_COMPUTE_VM_STANDARD_E2_MICRO_FREE,ocid1.tenancy.oc1..wYxQtOPqXABVNJzZeoEIOkUQCrXhhVuNYSxFwhL,williammorales,us-phoenix-1,pUIl:US-PHOENIX-1-AD-3,ocid1.instance.oci.us-phoenix-1.CWAxrzuSmoSbBlJMhOpncqnePpcttXPIil,818328709,910164768,GB_MS,STORAGE_SIZE,true,V2.cDVVafPJOohHmYIJVjimVVSgYhVBmNKTGB+OuTCZdHYhfXzzfyLPIMJ==,default/williammorales@gmail.com,,
V2.cDVVafPJOohHmYIJVjimVVSgYhVBmNKTGB+rmDFcNIJZRttdAILqfLf==,ocid1.tenancy.oc1..wYxQtOPqXABVNJzZeoEIOkUQCrXhhVuNYSxFwhL,2022-04-01T07:00Z,2022-04-01T08:00Z,COMPUTE,PIC_COMPUTE_VM_STANDARD_E2_MICRO_FREE,ocid1.tenancy.oc1..wYxQtOPqXABVNJzZeoEIOkUQCrXhhVuNYSxFwhL,williammorales,us-phoenix-1,pUIl:US-PHOENIX-1-AD-3,ocid1.instance.oci.us-phoenix-1.CWAxrzuSmoSbBlJMhOpncqnePpcttXPIil,818328709,910164768,GB_MS,STORAGE_SIZE,true,V2.cDVVafPJOohHmYIJVjimVVSgYhVBmNKTGB+RCEUXVtZgPTduYRquTSs==,default/williammorales@gmail.com,,true
V2.cDVVafPJOohHmYIJVjimVVSgYhVBmNKTGB+oATDBdMEiGprXmJNffmf==,ocid1.tenancy.oc1..wYxQtOPqXABVNJzZeoEIOkUQCrXhhVuNYSxFwhL,2022-04-01T08:00Z,2022-04-01T09:00Z,COMPUTE,PIC_COMPUTE_VM_STANDARD_E2_MICRO_FREE,ocid1.tenancy.oc1..wYxQtOPqXABVNJzZeoEIOkUQCrXhhVuNYSxFwhL,williammorales,us-phoenix-1,pUIl:US-PHOENIX-1-AD-3,ocid1.instance.oci.us-phoenix-1.CWAxrzuSmoSbBlJMhOpncqnePpcttXPIil,818328709,910164768,GB_MS,STORAGE_SIZE,true,V2.cDVVafPJOohHmYIJVjimVVSgYhVBmNKTGB+UGWFmUszkdHzXEpXYfja==,default/williammorales@gmail.com,,true
V2.cDVVafPJOohHmYIJVjimVVSgYhVBmNKTGB+WrRHkLOPuyGxjljuiLVY==,ocid1.tenancy.oc1..wYxQtOPqXABVNJzZeoEIOkUQCrXhhVuNYSxFwhL,2022-04-01T09:00Z,2022-04-01T10:00Z,COMPUTE,PIC_COMPUTE_VM_STANDARD_E2_MICRO_FREE,ocid1.tenancy.oc1..wYxQtOPqXABVNJzZeoEIOkUQCrXhhVuNYSxFwhL,williammorales,us-phoenix-1,pUIl:US-PHOENIX-1-AD-3,ocid1.instance.oci.us-phoenix-1.CWAxrzuSmoSbBlJMhOpncqnePpcttXPIil,818328709,910164768,GB_MS,STORAGE_SIZE,true,V2.cDVVafPJOohHmYIJVjimVVSgYhVBmNKTGB+ryWXEbauZvxkBXDSlFjh==,default/williammorales@gmail.com,2022-04-01T09:16:29.000Z,true
V2.cDVVafPJOohHmYIJVjimVVSgYhVBmNKTGB+sXHYWvXQwQzcWlwtiwJr==,ocid1.tenancy.oc1..wYxQtOPqXABVNJzZeoEIOkUQCrXhhVuNYSxFwhL,2022-04-01T10:00Z,2022-04-01T11:00Z,COMPUTE,PIC_COMPUTE_VM_STANDARD_E2_MICRO_FREE,ocid1.tenancy.oc1..wYxQtOPqXABVNJzZeoEIOkUQCrXhhVuNYSxFwhL,williammorales,us-phoenix-1,pUIl:US-PHOENIX-1-AD-3,ocid1.instance.oci.us-phoenix-1.CWAxrzuSmoSbBlJMhOpncqnePpcttXPIil,818328709,910164768,GB_MS,STORAGE_SIZE,true,V2.cDVVafPJOohHmYIJVjimVVSgYhVBmNKTGB+MjhbEitJHdfzLWyrjNDQ==,default/williammorales@gmail.com,2022-04-01T10:02:11.000Z,true
V2.cDVVafPJOohHmYIJVjimVVSgYhVBmNKTGB+xSRzHNrWxDphweLtURxi==,ocid1.tenancy.oc1..wYxQtOPqXABVNJzZeoEIOkUQCrXhhVuNYSxFwhL,2022-04-01T11:00Z,2022-04-01T12:00Z,COMPUTE,PIC_COMPUTE_VM_STANDARD_E2_MICRO_FREE,ocid1.tenancy.oc1..wYxQtOPqXABVNJzZeoEIOkUQCrXhhVuNYSxFwhL,williammorales,us-phoenix-1,pUIl:US-PHOENIX-1-AD-3,ocid1.instance.oci.us-phoenix-1.CWAxrzuSmoSbBlJMhOpncqnePpcttXPIil,818328709,910164768,GB_MS,STORAGE_SIZE,true,V2.cDVVafPJOohHmYIJVjimVVSgYhVBmNKTGB+DTNhASpLDSDpjgDqLpwi==,default/williammorales@gmail.com,2022-04-01T11:15:05.000Z,true
V2.cDVVafPJOohHmYIJVjimVVSgYhVBmNKTGB+pQYRnNIMFxxdlsNqHZDt==,ocid1.tenancy.oc1..wYxQtOPqXABVNJzZeoEIOkUQCrXhhVuNYSxFwhL,2022-04-01T12:00Z,2022-04-01T13:00Z,COMPUTE,PIC_COMPUTE_VM_STANDARD_E2_MICRO_FREE,ocid1.tenancy.oc1..wYxQtOPqXABVNJzZeoEIOkUQCrXhhVuNYSxFwhL,williammorales,us-phoenix-1,pUIl:US-PHOENIX-1-AD-3,ocid1.instance.oci.us-phoenix-1.CWAxrzuSmoSbBlJMhOpncqnePpcttXPIil,818328709,910164768,GB_MS,STORAGE_SIZE,true,V2.cDVVafPJOohHmYIJVjimVVSgYhVBmNKTGB+xUSXceEsvdtvxwzkWGyG==,default/williammorales@gmail.com,2022-04-01T13:21:13.000Z,
V2.cDVVafPJOohHmYIJVjimVVSgYhVBmNKTGB+wfuqSVILTGlLbqHUwztT==,ocid1.tenancy.oc1..wYxQtOPqXABVNJzZeoEIOkUQCrXhhVuNYSxFwhL,2022-04-01T13:00Z,2022-04-01T14:00Z,COMPUTE,PIC_COMPUTE_VM_STANDARD_E2_MICRO_FREE,ocid1.tenancy.oc1..wYxQtOPqXABVNJzZeoEIOkUQCrXhhVuNYSxFwhL,williammorales,us-phoenix-1,pUIl:US-PHOENIX-1-AD-3,ocid1.instance.oci.us-phoenix-1.CWAxrzuSmoSbBlJMhOpncqnePpcttXPIil,818328709,910164768,GB_MS,STORAGE_SIZE,true,V2.cDVVafPJOohHmYIJVjimVVSgYhVBmNKTGB+urBclixJdbQwtlXPpzty==,default/williammorales@gmail.com,,
V2.cDVVafPJOohHmYIJVjimVVSgYhVBmNKTGB+WzEbAZzJVWRUfyKfqdmN==,ocid1.tenancy.oc1..wYxQtOPqXABVNJzZeoEIOkUQCrXhhVuNYSxFwhL,2022-04-01T14:00Z,2022-04-01T15:00Z,COMPUTE,PIC_COMPUTE_VM_STANDARD_E2_MICRO_FREE,ocid1.tenancy.oc1..wYxQtOPqXABVNJzZeoEIOkUQCrXhhVuNYSxFwhL,williammorales,us-phoenix-1,pUIl:US-PHOENIX-1-AD-3,ocid1.instance.oci.us-phoenix-1.CWAxrzuSmoSbBlJMhOpncqnePpcttXPIil,818328709,910164768,GB_MS,STORAGE_SIZE,true,V2.cDVVafPJOohHmYIJVjimVVSgYhVBmNKTGB+fwarIJsJKTTaVSPXZbqv==,default/williammorales@gmail.com,,
V2.cDVVafPJOohHmYIJVjimVVSgYhVBmNKTGB+lekIJEXjzQSmDmPFLXFF==,ocid1.tenancy.oc1..wYxQtOPqXABVNJzZeoEIOkUQCrXhhVuNYSxFwhL,2022-04-01T15:00Z,2022-04-01T16:00Z,COMPUTE,PIC_COMPUTE_VM_STANDARD_E2_MICRO_FREE,ocid1.tenancy.oc1..wYxQtOPqXABVNJzZeoEIOkUQCrXhhVuNYSxFwhL,williammorales,us-phoenix-1,pUIl:US-PHOENIX-1-AD-3,ocid1.instance.oci.us-phoenix-1.CWAxrzuSmoSbBlJMhOpncqnePpcttXPIil,818328709,910164768,GB_MS,STORAGE_SIZE,true,V2.cDVVafPJOohHmYIJVjimVVSgYhVBmNKTGB+tjqeSVSfJXPbLrYcUXve==,default/williammorales@gmail.com,,
V2.cDVVafPJOohHmYIJVjimVVSgYhVBmNKTGB+xjdnHyOQonhNuBgqnrFA==,ocid1.tenancy.oc1..wYxQtOPqXABVNJzZeoEIOkUQCrXhhVuNYSxFwhL,2022-04-01T16:00Z,2022-04-01T17:00Z,COMPUTE,PIC_COMPUTE_VM_STANDARD_E2_MICRO_FREE,ocid1.tenancy.oc1..wYxQtOPqXABVNJzZeoEIOkUQCrXhhVuNYSxFwhL,williammorales,us-phoenix-1,pUIl:US-PHOENIX-1-AD-3,ocid1.instance.oci.us-phoenix-1.CWAxrzuSmoSbBlJMhOpncqnePpcttXPIil,818328709,910164768,GB_MS,STORAGE_SIZE,true,V2.cDVVafPJOohHmYIJVjimVVSgYhVBmNKTGB+xuybJVZLOJYJnilkkYfa==,default/williammorales@gmail.com,,true
V2.cDVVafPJOohHmYIJVjimVVSgYhVBmNKTGB+otQlALmNBNnfJxItuFre==,ocid1.tenancy.oc1..wYxQtOPqXABVNJzZeoEIOkUQCrXhhVuNYSxFwhL,2022-04-01T17:00Z,2022-04-01T18:00Z,COMPUTE,PIC_COMPUTE_VM_STANDARD_E2_MICRO_FREE,ocid1.tenancy.oc1..wYxQtOPqXABVNJzZeoEIOkUQCrXhhVuNYSxFwhL,williammorales,us-phoenix-1,pUIl:US-PHOENIX-1-AD-3,ocid1.instance.oci.us-phoenix-1.CWAxrzuSmoSbBlJMhOpncqnePpcttXPIil,818328709,910164768,GB_MS,STORAGE_SIZE,true,V2.cDVVafPJOohHmYIJVjimVVSgYhVBmNKTGB+qknsleNPZlXCVjzJRbqh==,default/williammorales@gmail.com,2022-04-01T18:04:39.000Z,true
V2.cDVVafPJOohHmYIJVjimVVSgYhVBmNKTGB+hOsJiaVtxkjWcxPtrrKu==,ocid1.tenancy.oc1..wYxQtOPqXABVNJzZeoEIOkUQCrXhhVuNYSxFwhL,2022-04-01T18:00Z,2022-04-01T19:00Z,COMPUTE,PIC_COMPUTE_VM_STANDARD_E2_MICRO_FREE,ocid1.tenancy.oc1..wYxQtOPqXABVNJzZeoEIOkUQCrXhhVuNYSxFwhL,williammorales,us-phoenix-1,pUIl:US-PHOENIX-1-AD-3,ocid1.instance.oci.us-phoenix-1.CWAxrzuSmoSbBlJMhOpncqnePpcttXPIil,818328709,910164768,GB_MS,STORAGE_SIZE,true,V2.cDVVafPJOohHmYIJVjimVVSgYhVBmNKTGB+CxEEzCLqWsqBpCPcJzfL==,default/williammorales@gmail.com,2022-04-01T18:32:27.000Z,
V2.cDVVafPJOohHmYIJVjimVVSgYhVBmNKTGB+cyHonjSzubhlEwsXFFoU==,ocid1.tenancy.oc1..wYxQtOPqXABVNJzZeoEIOkUQCrXhhVuNYSxFwhL,2022-04-01T19:00Z,2022-04-01T20:00Z,COMPUTE,PIC_COMPUTE_VM_STANDARD_E2_MICRO_FREE,ocid1.tenancy.oc1..wYxQtOPqXABVNJzZeoEIOkUQCrXhhVuNYSxFwhL,williammorales,us-phoenix-1,pUIl:US-PHOENIX-1-AD-3,ocid1.instance.oci.us-phoenix-1.CWAxrzuSmoSbBlJMhOpncqnePpcttXPIil,818328709,910164768,GB_MS,STORAGE_SIZE,true,V2.cDVVafPJOohHmYIJVjimVVSgYhVBmNKTGB+VKYEuJMTKmgNHWMKBVRc==,default/williammorales@gmail.com,2022-04-01T19:40:33.000Z,
V2.cDVVafPJOohHmYIJVjimVVSgYhVBmNKTGB+DTnViOhofdkvDnTSqYsd==,ocid1.tenancy.oc1..wYxQtOPqXABVNJzZeoEIOkUQCrXhhVuNYSxFwhL,2022-04-01T20:00Z,2022-04-01T21:00Z,COMPUTE,PIC_COMPUTE_VM_STANDARD_E2_MICRO_FREE,ocid1.tenancy.oc1..wYxQtOPqXABVNJzZeoEIOkUQCrXhhVuNYSxFwhL,williammorales,us-phoenix-1,pUIl:US-PHOENIX-1-AD-3,ocid1.instance.oci.us-phoenix-1.CWAxrzuSmoSbBlJMhOpncqnePpcttXPIil,818328709,910164768,GB_MS,STORAGE_SIZE,true,V2.cDVVafPJOohHmYIJVjimVVSgYhVBmNKTGB+DjPVdiwPViOQEHbpLkLW==,default/williammorales@gmail.com,2022-04-01T20:22:11.000Z,
V2.cDVVafPJOohHmYIJVjimVVSgYhVBmNKTGB+sqDYnfrEzAICHRQpOIBL==,ocid1.tenancy.oc1..wYxQtOPqXABVNJzZeoEIOkUQCrXhhVuNYSxFwhL,2022-04-01T21:00Z,2022-04-01T22:00Z,COMPUTE,PIC_COMPUTE_VM_STANDARD_E2_MICRO_FREE,ocid1.tenancy.oc1..wYxQtOPqXABVNJzZeoEIOkUQCrXhhVuNYSxFwhL,williammorales,us-phoenix-1,pUIl:US-PHOENIX-1-AD-3,ocid1.instance.oci.us-phoenix-1.CWAxrzuSmoSbBlJMhOpncqnePpcttXPIil,818328709,910164768,GB_MS,STORAGE_SIZE,true,V2.cDVVafPJOohHmYIJVjimVVSgYhVBmNKTGB+ACAFkelCsYMxpFrAhuPK==,default/williammorales@gmail.com,,
V2.cDVVafPJOohHmYIJVjimVVSgYhVBmNKTGB+ATLTZLkoHFWaRjxRtcGk==,ocid1.tenancy.oc1..wYxQtOPqXABVNJzZeoEIOkUQCrXhhVuNYSxFwhL,2022-04-01T22:00Z,2022-04-01T23:00Z,COMPUTE,PIC_COMPUTE_VM_STANDARD_E2_MICRO_FREE,ocid1.tenancy.oc1..wYxQtOPqXABVNJzZeoEIOkUQCrXhhVuNYSxFwhL,williammorales,us-phoenix-1,pUIl:US-PHOENIX-1-AD-3,ocid1.instance.oci.us-phoenix-1.CWAxrzuSmoSbBlJMhOpncqnePpcttXPIil,818328709,910164768,GB_MS,STORAGE_SIZE,true,V2.cDVVafPJOohHmYIJVjimVVSgYhVBmNKTGB+vvOsbUFLTVwFresGMddA==,default/williammorales@gmail.com,2022-04-01T23:47:26.000Z,
V2.cDVVafPJOohHmYIJVjimVVSgYhVBmNKTGB+nCizknFqxREEwznVruVo==,ocid1.tenancy.oc1..wYxQtOPqXABVNJzZeoEIOkUQCrXhhVuNYSxFwhL,2022-04-01T23:00Z,2022-04-02T00:00Z,COMPUTE,PIC_COMPUTE_VM_STANDARD_E2_MICRO_FREE,ocid1.tenancy.oc1..wYxQtOPqXABVNJzZeoEIOkUQCrXhhVuNYSxFwhL,williammorales,us-phoenix-1,pUIl:US-PHOENIX-1-AD-3,ocid1.instance.oci.us-phoenix-1.CWAxrzuSmoSbBlJMhOpncqnePpcttXPIil,818328709,910164768,GB_MS,STORAGE_SIZE,true,V2.cDVVafPJOohHmYIJVjimVVSgYhVBmNKTGB+lRxNAoriDLgSspsiJFwe==,default/williammorales@gmail.com,,true
V2.cDVVafPJOohHmYIJVjimVVSgYhVBmNKTGB+yWAbPxezLoMxYtJAImoy==,ocid1.tenancy.oc1..wYxQtOPqXABVNJzZeoEIOkUQCrXhhVuNYSxFwhL,2022-04-02T00:00Z,2022-04-02T01:00Z,COMPUTE,PIC_COMPUTE_VM_STANDARD_E2_MICRO_FREE,ocid1.tenancy.oc1..wYxQtOPqXABVNJzZeoEIOkUQCrXhhVuNYSxFwhL,williammorales,us-phoenix-1,pUIl:US-PHOENIX-1-AD-3,ocid1.instance.oci.us-phoenix-1.CWAxrzuSmoSbBlJMhOpncqnePpcttXPIil,818328709,910164768,GB_MS,STORAGE_SIZE,true,V2.cDVVafPJOohHmYIJVjimVVSgYhVBmNKTGB+QrGFSgBLSprGhRZJBkQg==,default/williammorales@gmail.com,2022-04-02T01:09:01.000Z,true
V2.cDVVafPJOohHmYIJVjimVVSgYhVBmNKTGB+iuZvJItMoRRGSDGHxRAE==,ocid1.tenancy.oc1..wYxQtOPqXABVNJzZeoEIOkUQCrXhhVuNYSxFwhL,2022-04-02T01:00Z,2022-04-02T02:00Z,COMPUTE,PIC_COMPUTE_VM_STANDARD_E2_MICRO_FREE,ocid1.tenancy.oc1..wYxQtOPqXABVNJzZeoEIOkUQCrXhhVuNYSxFwhL,williammorales,us-phoenix-1,pUIl:US-PHOENIX-1-AD-3,ocid1.instance.oci.us-phoenix-1.CWAxrzuSmoSbBlJMhOpncqnePpcttXPIil,818328709,910164768,GB_MS,STORAGE_SIZE,true,V2.cDVVafPJOohHmYIJVjimVVSgYhVBmNKTGB+HqdxiBNlbcbDnssuotUa==,default/williammorales@gmail.com,2022-04-02T01:26:27.000Z,true
V2.cDVVafPJOohHmYIJVjimVVSgYhVBmNKTGB+UnsIXMQYeIWZquffVOCH==,ocid1.tenancy.oc1..wYxQtOPqXABVNJzZeoEIOkUQCrXhhVuNYSxFwhL,2022-04-02T02:00Z,2022-04-02T03:00Z,COMPUTE,PIC_COMPUTE_VM_STANDARD_E2_MICRO_FREE,ocid1.tenancy.oc1..wYxQtOPqXABVNJzZeoEIOkUQCrXhhVuNYSxFwhL,williammorales,us-phoenix-1,pUIl:US-PHOENIX-1-AD-3,ocid1.instance.oci.us-phoenix-1.CWAxrzuSmoSbBlJMhOpncqnePpcttXPIil,818328709,910164768,GB_MS,STORAGE_SIZE,true,V2.cDVVafPJOohHmYIJVjimVVSgYhVBmNKTGB+uNtNhScSyHFaWqOTeLuc==,default/williammorales@gmail.com,2022-04-02T02:28:12.000Z,true
V2.cDVVafPJOohHmYIJVjimVVSgYhVBmNKTGB+miwvdGNeFsTUgSrUugLh==,ocid1.tenancy.oc1..wYxQtOPqXABVNJzZeoEIOkUQCrXhhVuNYSxFwhL,2022-04-02T03:00Z,2022-04-02T04:00Z,COMPUTE,PIC_COMPUTE_VM_STANDARD_E2_MICRO_FREE,ocid1.tenancy.oc1..wYxQtOPqXABVNJzZeoEIOkUQCrXhhVuNYSxFwhL,williammorales,us-phoenix-1,pUIl:US-PHOENIX-1-AD-3,ocid1.instance.oci.us-phoenix-1.CWAxrzuSmoSbBlJMhOpncqnePpcttXPIil,818328709,910164768,GB_MS,STORAGE_SIZE,true,V2.cDVVafPJOohHmYIJVjimVVSgYhVBmNKTGB+RzjHFPoIutHBUmifJVdw==,default/williammorales@gmail.com,,
V2.cDVVafPJOohHmYIJVjimVVSgYhVBmNKTGB+thOBfTUPCWsmafEvCKox==,ocid1.tenancy.oc1..wYxQtOPqXABVNJzZeoEIOkUQCrXhhVuNYSxFwhL,2022-04-02T04:00Z,2022-04-02T05:00Z,COMPUTE,PIC_COMPUTE_VM_STANDARD_E2_MICRO_FREE,ocid1.tenancy.oc1..wYxQtOPqXABVNJzZeoEIOkUQCrXhhVuNYSxFwhL,williammorales,us-phoenix-1,pUIl:US-PHOENIX-1-AD-3,ocid1.instance.oci.us-phoenix-1.CWAxrzuSmoSbBlJMhOpncqnePpcttXPIil,818328709,910164768,GB_MS,STORAGE_SIZE,true,V2.cDVVafPJOohHmYIJVjimVVSgYhVBmNKTGB+nAmYeIFdurkpxPutkEMX==,default/williammorales@gmail.com,,true
V2.cDVVafPJOohHmYIJVjimVVSgYhVBmNKTGB+iYlNbVEYiqgNiaQHqtlj==,ocid1.tenancy.oc1..wYxQtOPqXABVNJzZeoEIOkUQCrXhhVuNYSxFwhL,2022-04-02T05:00Z,2022-04-02T06:00Z,COMPUTE,PIC_COMPUTE_VM_STANDARD_E2_MICRO_FREE,ocid1.tenancy.oc1..wYxQtOPqXABVNJzZeoEIOkUQCrXhhVuNYSxFwhL,williammorales,us-phoenix-1,pUIl:US-PHOENIX-1-AD-3,ocid1.instance.oci.us-phoenix-1.CWAxrzuSmoSbBlJMhOpncqnePpcttXPIil,818328709,910164768,GB_MS,STORAGE_SIZE,true,V2.cDVVafPJOohHmYIJVjimVVSgYhVBmNKTGB+gjtMEYIswFoaYZCNnHmf==,default/williammorales@gmail.com,2022-04-02T06:33:44.000Z,
V2.cDVVafPJOohHmYIJVjimVVSgYhVBmNKTGB+jMYcRZsbnygwoEeObuFA==,ocid1.tenancy.oc1..wYxQtOPqXABVNJzZeoEIOkUQCrXhhVuNYSxFwhL,2022-04-02T06:00Z,2022-04-02T07:00Z,COMPUTE,PIC_COMPUTE_VM_STANDARD_E2_MICRO_FREE,ocid1.tenancy.oc1..wYxQtOPqXABVNJzZeoEIOkUQCrXhhVuNYSxFwhL,williammorales,us-phoenix-1,pUIl:US-PHOENIX-1-AD-3,ocid1.instance.oci.us-phoenix-1.CWAxrzuSmoSbBlJMhOpncqnePpcttXPIil,818328709,910164768,GB_MS,STORAGE_SIZE,true,V2.cDVVafPJOohHmYIJVjimVVSgYhVBmNKTGB+gTtAuWdKIjLDQzLJFMLx==,default/williammorales@gmail.com,2022-04-02T06:03:34.000Z,
V2.cDVVafPJOohHmYIJVjimVVSgYhVBmNKTGB+bcQQruUeCSrvKFwPvERa==,ocid1.tenancy.oc1..wYxQtOPqXABVNJzZeoEIOkUQCrXhhVuNYSxFwhL,2022-04-02T07:00Z,2022-04-02T08:00Z,COMPUTE,PIC_COMPUTE_VM_STANDARD_E2_MICRO_FREE,ocid1.tenancy.oc1..wYxQtOPqXABVNJzZeoEIOkUQCrXhhVuNYSxFwhL,williammorales,us-phoenix-1,pUIl:US-PHOENIX-1-AD-3,ocid1.instance.oci.us-phoenix-1.CWAxrzuSmoSbBlJMhOpncqnePpcttXPIil,818328709,910164768,GB_MS,STORAGE_SIZE,true,V2.cDVVafPJOohHmYIJVjimVVSgYhVBmNKTGB+AfeooDQwpUEIHWzZmYbg==,default/williammorales@gmail.com,2022-04-02T08:25:02.000Z,true
V2.cDVVafPJOohHmYIJVjimVVSgYhVBmNKTGB+aWEGrAofBtkkzAmNEiXj==,ocid1.tenancy.oc1..wYxQtOPqXABVNJzZeoEIOkUQCrXhhVuNYSxFwhL,2022-04-02T08:00Z,2022-04-02T09:00Z,COMPUTE,PIC_COMPUTE_VM_STANDARD_E2_MICRO_FREE,ocid1.tenancy.oc1..wYxQtOPqXABVNJzZeoEIOkUQCrXhhVuNYSxFwhL,williammorales,us-phoenix-1,pUIl:US-PHOENIX-1-AD-3,ocid1.instance.oci.us-phoenix-1.CWAxrzuSmoSbBlJMhOpncqnePpcttXPIil,818328709,910164768,GB_MS,STORAGE_SIZE,true,V2.cDVVafPJOohHmYIJVjimVVSgYhVBmNKTGB+ILbvtYxAKlyEzbwsTTrh==,default/williammorales@gmail.com,2022-04-02T08:21:22.000Z,
V2.cDVVafPJOohHmYIJVjimVVSgYhVBmNKTGB+GEMmQUREQGxDuArFWggf==,ocid1.tenancy.oc1..wYxQtOPqXABVNJzZeoEIOkUQCrXhhVuNYSxFwhL,2022-04-02T09:00Z,2022-04-02T10:00Z,COMPUTE,PIC_COMPUTE_VM_STANDARD_E2_MICRO_FREE,ocid1.tenancy.oc1..wYxQtOPqXABVNJzZeoEIOkUQCrXhhVuNYSxFwhL,williammorales,us-phoenix-1,pUIl:US-PHOENIX-1-AD-3,ocid1.instance.oci.us-phoenix-1.CWAxrzuSmoSbBlJMhOpncqnePpcttXPIil,818328709,910164768,GB_MS,STORAGE_SIZE,true,V2.cDVVafPJOohHmYIJVjimVVSgYhVBmNKTGB+peiejyeNBVhKwpXgzakp==,default/williammorales@gmail.com,2022-04-02T09:33:13.000Z,true
V2.cDVVafPJOohHmYIJVjimVVSgYhVBmNKTGB+TYTtJSaqDZAuArNujxmh==,ocid1.tenancy.oc1..wYxQtOPqXABVNJzZeoEIOkUQCrXhhVuNYSxFwhL,2022-04-02T10:00Z,2022-04-02T11:00Z,COMPUTE,PIC_COMPUTE_VM_STANDARD_E2_MICRO_FREE,ocid1.tenancy.oc1..wYxQtOPqXABVNJzZeoEIOkUQCrXhhVuNYSxFwhL,williammorales,us-phoenix-1,pUIl:US-PHOENIX-1-AD-3,ocid1.instance.oci.us-phoenix-1.CWAxrzuSmoSbBlJMhOpncqnePpcttXPIil,818328709,910164768,GB_MS,STORAGE_SIZE,true,V2.cDVVafPJOohHmYIJVjimVVSgYhVBmNKTGB+TaHSCsNwxRWiTFeLZUWm==,default/williammorales@gmail.com,2022-04-02T10:05:45.000Z,
V2.cDVVafPJOohHmYIJVjimVVSgYhVBmNKTGB+TjZAHnETTmrvAxlWAwzi==,ocid1.tenancy.oc1..wYxQtOPqXABVNJzZeoEIOkUQCrXhhVuNYSxFwhL,2022-04-02T11:00Z,2022-04-02T12:00Z,COMPUTE,PIC_COMPUTE_VM_STANDARD_E2_MICRO_FREE,ocid1.tenancy.oc1..wYxQtOPqXABVNJzZeoEIOkUQCrXhhVuNYSxFwhL,williammorales,us-phoenix-1,pUIl:US-PHOENIX-1-AD-3,ocid1.instance.oci.us-phoenix-1.CWAxrzuSmoSbBlJMhOpncqnePpcttXPIil,818328709,910164768,GB_MS,STORAGE_SIZE,true,V2.cDVVafPJOohHmYIJVjimVVSgYhVBmNKTGB+IKJhUjNZRLeXkZYitdXc==,default/williammorales@gmail.com,2022-04-02T12:43:22.000Z,true
V2.cDVVafPJOohHmYIJVjimVVSgYhVBmNKTGB+czcqkRavjGjHbQjXrNgb==,ocid1.tenancy.oc1..wYxQtOPqXABVNJzZeoEIOkUQCrXhhVuNYSxFwhL,2022-04-02T12:00Z,2022-04-02T13:00Z,COMPUTE,PIC_COMPUTE_VM_STANDARD_E2_MICRO_FREE,ocid1.tenancy.oc1..wYxQtOPqXABVNJzZeoEIOkUQCrXhhVuNYSxFwhL,williammorales,us-phoenix-1,pUIl:US-PHOENIX-1-AD-3,ocid1.instance.oci.us-phoenix-1.CWAxrzuSmoSbBlJMhOpncqnePpcttXPIil,818328709,910164768,GB_MS,STORAGE_SIZE,true,V2.cDVVafPJOohHmYIJVjimVVSgYhVBmNKTGB+AEyaPYrLBKfEJqnMNMoI==,default/williammorales@gmail.com,2022-04-02T13:15:27.000Z,
V2.cDVVafPJOohHmYIJVjimVVSgYhVBmNKTGB+TOuVkwiWJvkBNLsJqjgZ==,ocid1.tenancy.oc1..wYxQtOPqXABVNJzZeoEIOkUQCrXhhVuNYSxFwhL,2022-04-02T13:00Z,2022-04-02T14:00Z,COMPUTE,PIC_COMPUTE_VM_STANDARD_E2_MICRO_FREE,ocid1.tenancy.oc1..wYxQtOPqXABVNJzZeoEIOkUQCrXhhVuNYSxFwhL,williammorales,us-phoenix-1,pUIl:US-PHOENIX-1-AD-3,ocid1.instance.oci.us-phoenix-1.CWAxrzuSmoSbBlJMhOpncqnePpcttXPIil,818328709,910164768,GB_MS,STORAGE_SIZE,true,V2.cDVVafPJOohHmYIJVjimVVSgYhVBmNKTGB+UAnXSGDercZHEACoirkA==,default/williammorales@gmail.com,,true
V2.cDVVafPJOohHmYIJVjimVVSgYhVBmNKTGB+rAATbJAbuEvofChjLkyR==,ocid1.tenancy.oc1..wYxQtOPqXABVNJzZeoEIOkUQCrXhhVuNYSxFwhL,2022-04-02T14:00Z,2022-04-02T15:00Z,COMPUTE,PIC_COMPUTE_VM_STANDARD_E2_MICRO_FREE,ocid1.tenancy.oc1..wYxQtOPqXABVNJzZeoEIOkUQCrXhhVuNYSxFwhL,williammorales,us-phoenix-1,pUIl:US-PHOENIX-1-AD-3,ocid1.instance.oci.us-phoenix-1.CWAxrzuSmoSbBlJMhOpncqnePpcttXPIil,818328709,910164768,GB_MS,STORAGE_SIZE,true,V2.cDVVafPJOohHmYIJVjimVVSgYhVBmNKTGB+aKHzhMYtbaUClrVDpDKw==,default/williammorales@gmail.com,2022-04-02T14:15:12.000Z,true
V2.cDVVafPJOohHmYIJVjimVVSgYhVBmNKTGB+waboogmxxeqJfOTQUIpX==,ocid1.tenancy.oc1..wYxQtOPqXABVNJzZeoEIOkUQCrXhhVuNYSxFwhL,2022-04-02T15:00Z,2022-04-02T16:00Z,COMPUTE,PIC_COMPUTE_VM_STANDARD_E2_MICRO_FREE,ocid1.tenancy.oc1..wYxQtOPqXABVNJzZeoEIOkUQCrXhhVuNYSxFwhL,williammorales,us-phoenix-1,pUIl:US-PHOENIX-1-AD-3,ocid1.instance.oci.us-phoenix-1.CWAxrzuSmoSbBlJMhOpncqnePpcttXPIil,818328709,910164768,GB_MS,STORAGE_SIZE,true,V2.cDVVafPJOohHmYIJVjimVVSgYhVBmNKTGB+tOmDfOJeaqevfdCuOniz==,default/williammorales@gmail.com,2022-04-02T15:20:07.000Z,
V2.cDVVafPJOohHmYIJVjimVVSgYhVBmNKTGB+CVJpdAZkMEdJjBSBFBFt==,ocid1.tenancy.oc1..wYxQtOPqXABVNJzZeoEIOkUQCrXhhVuNYSxFwhL,2022-04-02T16:00Z,2022-04-02T17:00Z,COMPUTE,PIC_COMPUTE_VM_STANDARD_E2_MICRO_FREE,ocid1.tenancy.oc1..wYxQtOPqXABVNJzZeoEIOkUQCrXhhVuNYSxFwhL,williammorales,us-phoenix-1,pUIl:US-PHOENIX-1-AD-3,ocid1.instance.oci.us-phoenix-1.CWAxrzuSmoSbBlJMhOpncqnePpcttXPIil,818328709,910164768,GB_MS,STORAGE_SIZE,true,V2.cDVVafPJOohHmYIJVjimVVSgYhVBmNKTGB+avrpBRkzzciVQYVkKXSE==,default/williammorales@gmail.com,2022-04-02T17:22:17.000Z,true
V2.cDVVafPJOohHmYIJVjimVVSgYhVBmNKTGB+kyhdBodmzYAIonGuIbZq==,ocid1.tenancy.oc1..wYxQtOPqXABVNJzZeoEIOkUQCrXhhVuNYSxFwhL,2022-04-02T17:00Z,2022-04-02T18:00Z,COMPUTE,PIC_COMPUTE_VM_STANDARD_E2_MICRO_FREE,ocid1.tenancy.oc1..wYxQtOPqXABVNJzZeoEIOkUQCrXhhVuNYSxFwhL,williammorales,us-phoenix-1,pUIl:US-PHOENIX-1-AD-3,ocid1.instance.oci.us-phoenix-1.CWAxrzuSmoSbBlJMhOpncqnePpcttXPIil,818328709,910164768,GB_MS,STORAGE_SIZE,true,V2.cDVVafPJOohHmYIJVjimVVSgYhVBmNKTGB+npGrIECCiFqGJnfbiZJs==,default/williammorales@gmail.com,2022-04-02T17:34:33.000Z,
V2.cDVVafPJOohHmYIJVjimVVSgYhVBmNKTGB+LxipkPwdcWjvNeimdUnG==,ocid1.tenancy.oc1..wYxQtOPqXABVNJzZeoEIOkUQCrXhhVuNYSxFwhL,2022-04-02T18:00Z,2022-04-02T19:00Z,COMPUTE,PIC_COMPUTE_VM_STANDARD_E2_MICRO_FREE,ocid1.tenancy.oc1..wYxQtOPqXABVNJzZeoEIOkUQCrXhhVuNYSxFwhL,williammorales,us-phoenix-1,pUIl:US-PHOENIX-1-AD-3,ocid1.instance.oci.us-phoenix-1.CWAxrzuSmoSbBlJMhOpncqnePpcttXPIil,818328709,910164768,GB_MS,STORAGE_SIZE,true,V2.cDVVafPJOohHmYIJVjimVVSgYhVBmNKTGB+eKdzRxFLMjVcphNeEiLS==,default/williammorales@gmail.com,2022-04-02T18:01:05.000Z,true
V2.cDVVafPJOohHmYIJVjimVVSgYhVBmNKTGB+mmitqoLVYTtpnGnTTxpn==,ocid1.tenancy.oc1..wYxQtOPqXABVNJzZeoEIOkUQCrXhhVuNYSxFwhL,2022-04-02T19:00Z,2022-04-02T20:00Z,COMPUTE,PIC_COMPUTE_VM_STANDARD_E2_MICRO_FREE,ocid1.tenancy.oc1..wYxQtOPqXABVNJzZeoEIOkUQCrXhhVuNYSxFwhL,williammorales,us-phoenix-1,pUIl:US-PHOENIX-1-AD-3,ocid1.instance.oci.us-phoenix-1.CWAxrzuSmoSbBlJMhOpncqnePpcttXPIil,818328709,910164768,GB_MS,STORAGE_SIZE,true,V2.cDVVafPJOohHmYIJVjimVVSgYhVBmNKTGB+blqLyBDswIhsxUGSsEyS==,default/williammorales@gmail.com,2022-04-02T19:15:40.000Z,true
V2.cDVVafPJOohHmYIJVjimVVSgYhVBmNKTGB+EGrcsZLjqTOjxnhiCjQJ==,ocid1.tenancy.oc1..wYxQtOPqXABVNJzZeoEIOkUQCrXhhVuNYSxFwhL,2022-04-02T20:00Z,2022-04-02T21:00Z,COMPUTE,PIC_COMPUTE_VM_STANDARD_E2_MICRO_FREE,ocid1.tenancy.oc1..wYxQtOPqXABVNJzZeoEIOkUQCrXhhVuNYSxFwhL,williammorales,us-phoenix-1,pUIl:US-PHOENIX-1-AD-3,ocid1.instance.oci.us-phoenix-1.CWAxrzuSmoSbBlJMhOpncqnePpcttXPIil,818328709,910164768,GB_MS,STORAGE_SIZE,true,V2.cDVVafPJOohHmYIJVjimVVSgYhVBmNKTGB+qPLKpJtkwgnORIrUpPGJ==,default/williammorales@gmail.com,2022-04-02T20:25:02.000Z,
V2.cDVVafPJOohHmYIJVjimVVSgYhVBmNKTGB+nPATJUkRDlGBUEqNsgYz==,ocid1.tenancy.oc1..wYxQtOPqXABVNJzZeoEIOkUQCrXhhVuNYSxFwhL,2022-04-02T21:00Z,2022-04-02T22:00Z,COMPUTE,PIC_COMPUTE_VM_STANDARD_E2_MICRO_FREE,ocid1.tenancy.oc1..wYxQtOPqXABVNJzZeoEIOkUQCrXhhVuNYSxFwhL,williammorales,us-phoenix-1,pUIl:US-PHOENIX-1-AD-3,ocid1.instance.oci.us-phoenix-1.CWAxrzuSmoSbBlJMhOpncqnePpcttXPIil,818328709,910164768,GB_MS,STORAGE_SIZE,true,V2.cDVVafPJOohHmYIJVjimVVSgYhVBmNKTGB+wcrbvEdqreJQPETYhkUM==,default/williammorales@gmail.com,2022-04-02T21:44:45.000Z,true
V2.cDVVafPJOohHmYIJVjimVVSgYhVBmNKTGB+qxFEnzWXaSxYzaCUvaMa==,ocid1.tenancy.oc1..wYxQtOPqXABVNJzZeoEIOkUQCrXhhVuNYSxFwhL,2022-04-02T22:00Z,2022-04-02T23:00Z,COMPUTE,PIC_COMPUTE_VM_STANDARD_E2_MICRO_FREE,ocid1.tenancy.oc1..wYxQtOPqXABVNJzZeoEIOkUQCrXhhVuNYSxFwhL,williammorales,us-phoenix-1,pUIl:US-PHOENIX-1-AD-3,ocid1.instance.oci.us-phoenix-1.CWAxrzuSmoSbBlJMhOpncqnePpcttXPIil,818328709,910164768,GB_MS,STORAGE_SIZE,true,V2.cDVVafPJOohHmYIJVjimVVSgYhVBmNKTGB+wwRJakjAESvQewPjkoiU==,default/williammorales@gmail.com,,true
V2.cDVVafPJOohHmYIJVjimVVSgYhVBmNKTGB+NUxrkFZWZkQVNCCpMUez==,ocid1.tenancy.oc1..wYxQtOPqXABVNJzZeoEIOkUQCrXhhVuNYSxFwhL,2022-04-02T23:00Z,2022-04-03T00:00Z,COMPUTE,PIC_COMPUTE_VM_STANDARD_E2_MICRO_FREE,ocid1.tenancy.oc1..wYxQtOPqXABVNJzZeoEIOkUQCrXhhVuNYSxFwhL,williammorales,us-phoenix-1,pUIl:US-PHOENIX-1-AD-3,ocid1.instance.oci.us-phoenix-1.CWAxrzuSmoSbBlJMhOpncqnePpcttXPIil,818328709,910164768,GB_MS,STORAGE_SIZE,true,V2.cDVVafPJOohHmYIJVjimVVSgYhVBmNKTGB+gNouTxXRhCiMvSqofnWp==,default/williammorales@gmail.com,2022-04-03T00:27:04.000Z,true
V2.cDVVafPJOohHmYIJVjimVVSgYhVBmNKTGB+UWBVzmstOSCCAymwBmKN==,ocid1.tenancy.oc1..wYxQtOPqXABVNJzZeoEIOkUQCrXhhVuNYSxFwhL,2022-04-03T00:00Z,2022-04-03T01:00Z,COMPUTE,PIC_COMPUTE_VM_STANDARD_E2_MICRO_FREE,ocid1.tenancy.oc1..wYxQtOPqXABVNJzZeoEIOkUQCrXhhVuNYSxFwhL,williammorales,us-phoenix-1,pUIl:US-PHOENIX-1-AD-3,ocid1.instance.oci.us-phoenix-1.CWAxrzuSmoSbBlJMhOpncqnePpcttXPIil,818328709,910164768,GB_MS,STORAGE_SIZE,true,V2.cDVVafPJOohHmYIJVjimVVSgYhVBmNKTGB+dXXzvQpPEkmHNuziXAvS==,default/williammorales@gmail.com,,
V2.cDVVafPJOohHmYIJVjimVVSgYhVBmNKTGB+NrBevhLhBvWjnBdfYpWl==,ocid1.tenancy.oc1..wYxQtOPqXABVNJzZeoEIOkUQCrXhhVuNYSxFwhL,2022-04-03T01:00Z,2022-04-03T02:00Z,COMPUTE,PIC_COMPUTE_VM_STANDARD_E2_MICRO_FREE,ocid1.tenancy.oc1..wYxQtOPqXABVNJzZeoEIOkUQCrXhhVuNYSxFwhL,williammorales,us-phoenix-1,pUIl:US-PHOENIX-1-AD-3,ocid1.instance.oci.us-phoenix-1.CWAxrzuSmoSbBlJMhOpncqnePpcttXPIil,818328709,910164768,GB_MS,STORAGE_SIZE,true,V2.cDVVafPJOohHmYIJVjimVVSgYhVBmNKTGB+sNtkcctYmZTPlgqprhKE==,default/williammorales@gmail.com,2022-04-03T02:07:10.000Z,true
V2.cDVVafPJOohHmYIJVjimVVSgYhVBmNKTGB+ClLeLNUWlZBbEhSNJkNt==,ocid1.tenancy.oc1..wYxQtOPqXABVNJzZeoEIOkUQCrXhhVuNYSxFwhL,2022-04-03T02:00Z,2022-04-03T03:00Z,COMPUTE,PIC_COMPUTE_VM_STANDARD_E2_MICRO_FREE,ocid1.tenancy.oc1..wYxQtOPqXABVNJzZeoEIOkUQCrXhhVuNYSxFwhL,williammorales,us-phoenix-1,pUIl:US-PHOENIX-1-AD-3,ocid1.instance.oci.us-phoenix-1.CWAxrzuSmoSbBlJMhOpncqnePpcttXPIil,818328709,910164768,GB_MS,STORAGE_SIZE,true,V2.cDVVafPJOohHmYIJVjimVVSgYhVBmNKTGB+HzdsbRabsdyPBtKBPfhN==,default/williammorales@gmail.com,2022-04-03T03:32:27.000Z,true
V2.cDVVafPJOohHmYIJVjimVVSgYhVBmNKTGB+RVLYWgbiixTMhQnHZMyW==,ocid1.tenancy.oc1..wYxQtOPqXABVNJzZeoEIOkUQCrXhhVuNYSxFwhL,2022-04-03T03:00Z,2022-04-03T04:00Z,COMPUTE,PIC_COMPUTE_VM_STANDARD_E2_MICRO_FREE,ocid1.tenancy.oc1..wYxQtOPqXABVNJzZeoEIOkUQCrXhhVuNYSxFwhL,williammorales,us-phoenix-1,pUIl:US-PHOENIX-1-AD-3,ocid1.instance.oci.us-phoenix-1.CWAxrzuSmoSbBlJMhOpncqnePpcttXPIil,818328709,910164768,GB_MS,STORAGE_SIZE,true,V2.cDVVafPJOohHmYIJVjimVVSgYhVBmNKTGB+HDBDaLMfhAQBIXBrVxZe==,default/williammorales@gmail.com,,true
V2.cDVVafPJOohHmYIJVjimVVSgYhVBmNKTGB+RdOzlqCaoSZnACAxWcto==,ocid1.tenancy.oc1..wYxQtOPqXABVNJzZeoEIOkUQCrXhhVuNYSxFwhL,2022-04-03T04:00Z,2022-04-03T05:00Z,COMPUTE,PIC_COMPUTE_VM_STANDARD_E2_MICRO_FREE,ocid1.tenancy.oc1..wYxQtOPqXABVNJzZeoEIOkUQCrXhhVuNYSxFwhL,williammorales,us-phoenix-1,pUIl:US-PHOENIX-1-AD-3,ocid1.instance.oci.us-phoenix-1.CWAxrzuSmoSbBlJMhOpncqnePpcttXPIil,818328709,910164768,GB_MS,STORAGE_SIZE,true,V2.cDVVafPJOohHmYIJVjimVVSgYhVBmNKTGB+POGpEqatvaIvvyIvAxbK==,default/williammorales@gmail.com,2022-04-03T05:06:15.000Z,true
V2.cDVVafPJOohHmYIJVjimVVSgYhVBmNKTGB+ZeNBJMvBjMpNYTdAgewc==,ocid1.tenancy.oc1..wYxQtOPqXABVNJzZeoEIOkUQCrXhhVuNYSxFwhL,2022-04-03T05:00Z,2022-04-03T06:00Z,COMPUTE,PIC_COMPUTE_VM_STANDARD_E2_MICRO_FREE,ocid1.tenancy.oc1..wYxQtOPqXABVNJzZeoEIOkUQCrXhhVuNYSxFwhL,williammorales,us-phoenix-1,pUIl:US-PHOENIX-1-AD-3,ocid1.instance.oci.us-phoenix-1.CWAxrzuSmoSbBlJMhOpncqnePpcttXPIil,818328709,910164768,GB_MS,STORAGE_SIZE,true,V2.cDVVafPJOohHmYIJVjimVVSgYhVBmNKTGB+QMtYEgQMLRRkGCJcCZLH==,default/williammorales@gmail.com,2022-04-03T05:17:23.000Z,true
V2.cDVVafPJOohHmYIJVjimVVSgYhVBmNKTGB+JylEVipQAceFEQXFBKgZ==,ocid1.tenancy.oc1..wYxQtOPqXABVNJzZeoEIOkUQCrXhhVuNYSxFwhL,2022-04-03T06:00Z,2022-04-03T07:00Z,COMPUTE,PIC_COMPUTE_VM_STANDARD_E2_MICRO_FREE,ocid1.tenancy.oc1..wYxQtOPqXABVNJzZeoEIOkUQCrXhhVuNYSxFwhL,williammorales,us-phoenix-1,pUIl:US-PHOENIX-1-AD-3,ocid1.instance.oci.us-phoenix-1.CWAxrzuSmoSbBlJMhOpncqnePpcttXPIil,818328709,910164768,GB_MS,STORAGE_SIZE,true,V2.cDVVafPJOohHmYIJVjimVVSgYhVBmNKTGB+XARCHruoIvPLNxLuMZZA==,default/williammorales@gmail.com,,true
V2.cDVVafPJOohHmYIJVjimVVSgYhVBmNKTGB+alcPRKaLFjBYwjcCQNFA==,ocid1.tenancy.oc1..wYxQtOPqXABVNJzZeoEIOkUQCrXhhVuNYSxFwhL,2022-04-03T07:00Z,2022-04-03T08:00Z,COMPUTE,PIC_COMPUTE_VM_STANDARD_E2_MICRO_FREE,ocid1.tenancy.oc1..wYxQtOPqXABVNJzZeoEIOkUQCrXhhVuNYSxFwhL,williammorales,us-phoenix-1,pUIl:US-PHOENIX-1-AD-3,ocid1.instance.oci.us-phoenix-1.CWAxrzuSmoSbBlJMhOpncqnePpcttXPIil,818328709,910164768,GB_MS,STORAGE_SIZE,true,V2.cDVVafPJOohHmYIJVjimVVSgYhVBmNKTGB+twRrIpTnMmITqcIdcain==,default/williammorales@gmail.com,2022-04-03T08:20:33.000Z,true
V2.cDVVafPJOohHmYIJVjimVVSgYhVBmNKTGB+tBFKJrDWuZDpyQCNRURx==,ocid1.tenancy.oc1..wYxQtOPqXABVNJzZeoEIOkUQCrXhhVuNYSxFwhL,2022-04-03T08:00Z,2022-04-03T09:00Z,COMPUTE,PIC_COMPUTE_VM_STANDARD_E2_MICRO_FREE,ocid1.tenancy.oc1..wYxQtOPqXABVNJzZeoEIOkUQCrXhhVuNYSxFwhL,williammorales,us-phoenix-1,pUIl:US-PHOENIX-1-AD-3,ocid1.instance.oci.us-phoenix-1.CWAxrzuSmoSbBlJMhOpncqnePpcttXPIil,818328709,910164768,GB_MS,STORAGE_SIZE,true,V2.cDVVafPJOohHmYIJVjimVVSgYhVBmNKTGB+mBYPCYgOYbwkCiRNqkpG==,default/williammorales@gmail.com,2022-04-03T08:30:08.000Z,true
V2.cDVVafPJOohHmYIJVjimVVSgYhVBmNKTGB+DNzqGqfdyUnwcPirffHb==,ocid1.tenancy.oc1..wYxQtOPqXABVNJzZeoEIOkUQCrXhhVuNYSxFwhL,2022-04-03T09:00Z,2022-04-03T10:00Z,COMPUTE,PIC_COMPUTE_VM_STANDARD_E2_MICRO_FREE,ocid1.tenancy.oc1..wYxQtOPqXABVNJzZeoEIOkUQCrXhhVuNYSxFwhL,williammorales,us-phoenix-1,pUIl:US-PHOENIX-1-AD-3,ocid1.instance.oci.us-phoenix-1.CWAxrzuSmoSbBlJMhOpncqnePpcttXPIil,818328709,910164768,GB_MS,STORAGE_SIZE,true,V2.cDVVafPJOohHmYIJVjimVVSgYhVBmNKTGB+WeRQmCGVvfMTFZilwyeq==,default/williammorales@gmail.com,2022-04-03T09:04:44.000Z,
V2.cDVVafPJOohHmYIJVjimVVSgYhVBmNKTGB+NRKtuCjveLWVYatdQSiK==,ocid1.tenancy.oc1..wYxQtOPqXABVNJzZeoEIOkUQCrXhhVuNYSxFwhL,2022-04-03T10:00Z,2022-04-03T11:00Z,COMPUTE,PIC_COMPUTE_VM_STANDARD_E2_MICRO_FREE,ocid1.tenancy.oc1..wYxQtOPqXABVNJzZeoEIOkUQCrXhhVuNYSxFwhL,williammorales,us-phoenix-1,pUIl:US-PHOENIX-1-AD-3,ocid1.instance.oci.us-phoenix-1.CWAxrzuSmoSbBlJMhOpncqnePpcttXPIil,818328709,910164768,GB_MS,STORAGE_SIZE,true,V2.cDVVafPJOohHmYIJVjimVVSgYhVBmNKTGB+vdrayIbacclMCzjbYYYe==,default/williammorales@gmail.com,,true
V2.cDVVafPJOohHmYIJVjimVVSgYhVBmNKTGB+PWSxRUWWxnLQsDYuTVdr==,ocid1.tenancy.oc1..wYxQtOPqXABVNJzZeoEIOkUQCrXhhVuNYSxFwhL,2022-04-03T11:00Z,2022-04-03T12:00Z,COMPUTE,PIC_COMPUTE_VM_STANDARD_E2_MICRO_FREE,ocid1.tenancy.oc1..wYxQtOPqXABVNJzZeoEIOkUQCrXhhVuNYSxFwhL,williammorales,us-phoenix-1,pUIl:US-PHOENIX-1-AD-3,ocid1.instance.oci.us-phoenix-1.CWAxrzuSmoSbBlJMhOpncqnePpcttXPIil,818328709,910164768,GB_MS,STORAGE_SIZE,true,V2.cDVVafPJOohHmYIJVjimVVSgYhVBmNKTGB+wLZhTfVynuHzQoOjGUli==,default/williammorales@gmail.com,,
V2.cDVVafPJOohHmYIJVjimVVSgYhVBmNKTGB+xKAbiEgXcOwKGuzknoxX==,ocid1.tenancy.oc1..wYxQtOPqXABVNJzZeoEIOkUQCrXhhVuNYSxFwhL,2022-04-03T12:00Z,2022-04-03T13:00Z,COMPUTE,PIC_COMPUTE_VM_STANDARD_E2_MICRO_FREE,ocid1.tenancy.oc1..wYxQtOPqXABVNJzZeoEIOkUQCrXhhVuNYSxFwhL,williammorales,us-phoenix-1,pUIl:US-PHOENIX-1-AD-3,ocid1.instance.oci.us-phoenix-1.CWAxrzuSmoSbBlJMhOpncqnePpcttXPIil,818328709,910164768,GB_MS,STORAGE_SIZE,true,V2.cDVVafPJOohHmYIJVjimVVSgYhVBmNKTGB+dtmemylaUChzIfRriJOS==,default/williammorales@gmail.com,2022-04-03T13:43:09.000Z,
V2.cDVVafPJOohHmYIJVjimVVSgYhVBmNKTGB+aRNwjMompKqhHIpOIMqu==,ocid1.tenancy.oc1..wYxQtOPqXABVNJzZeoEIOkUQCrXhhVuNYSxFwhL,2022-04-03T13:00Z,2022-04-03T14:00Z,COMPUTE,PIC_COMPUTE_VM_STANDARD_E2_MICRO_FREE,ocid1.tenancy.oc1..wYxQtOPqXABVNJzZeoEIOkUQCrXhhVuNYSxFwhL,williammorales,us-phoenix-1,pUIl:US-PHOENIX-1-AD-3,ocid1.instance.oci.us-phoenix-1.CWAxrzuSmoSbBlJMhOpncqnePpcttXPIil,818328709,910164768,GB_MS,STORAGE_SIZE,true,V2.cDVVafPJOohHmYIJVjimVVSgYhVBmNKTGB+BpQsqemCXVLAstWqCLtz==,default/williammorales@gmail.com,2022-04-03T13:31:37.000Z,
V2.cDVVafPJOohHmYIJVjimVVSgYhVBmNKTGB+SkGPYXtgJqdVzEbBEgBK==,ocid1.tenancy.oc1..wYxQtOPqXABVNJzZeoEIOkUQCrXhhVuNYSxFwhL,2022-04-03T14:00Z,2022-04-03T15:00Z,COMPUTE,PIC_COMPUTE_VM_STANDARD_E2_MICRO_FREE,ocid1.tenancy.oc1..wYxQtOPqXABVNJzZeoEIOkUQCrXhhVuNYSxFwhL,williammorales,us-phoenix-1,pUIl:US-PHOENIX-1-AD-3,ocid1.instance.oci.us-phoenix-1.CWAxrzuSmoSbBlJMhOpncqnePpcttXPIil,818328709,910164768,GB_MS,STORAGE_SIZE,true,V2.cDVVafPJOohHmYIJVjimVVSgYhVBmNKTGB+ZYfYMvESFAMOHzDUtoVJ==,default/williammorales@gmail.com,2022-04-03T15:12:01.000Z,true
V2.cDVVafPJOohHmYIJVjimVVSgYhVBmNKTGB+vzbqebKLDjIoZxQzDCcV==,ocid1.tenancy.oc1..wYxQtOPqXABVNJzZeoEIOkUQCrXhhVuNYSxFwhL,2022-04-03T15:00Z,2022-04-03T16:00Z,COMPUTE,PIC_COMPUTE_VM_STANDARD_E2_MICRO_FREE,ocid1.tenancy.oc1..wYxQtOPqXABVNJzZeoEIOkUQCrXhhVuNYSxFwhL,williammorales,us-phoenix-1,pUIl:US-PHOENIX-1-AD-3,ocid1.instance.oci.us-phoenix-1.CWAxrzuSmoSbBlJMhOpncqnePpcttXPIil,818328709,910164768,GB_MS,STORAGE_SIZE,true,V2.cDVVafPJOohHmYIJVjimVVSgYhVBmNKTGB+PPavdXANeOotiXuWEhla==,default/williammorales@gmail.com,2022-04-03T15:43:09.000Z,
V2.cDVVafPJOohHmYIJVjimVVSgYhVBmNKTGB+rKvgvqrtMrnQLcVLDFeA==,ocid1.tenancy.oc1..wYxQtOPqXABVNJzZeoEIOkUQCrXhhVuNYSxFwhL,2022-04-03T16:00Z,2022-04-03T17:00Z,COMPUTE,PIC_COMPUTE_VM_STANDARD_E2_MICRO_FREE,ocid1.tenancy.oc1..wYxQtOPqXABVNJzZeoEIOkUQCrXhhVuNYSxFwhL,williammorales,us-phoenix-1,pUIl:US-PHOENIX-1-AD-3,ocid1.instance.oci.us-phoenix-1.CWAxrzuSmoSbBlJMhOpncqnePpcttXPIil,818328709,910164768,GB_MS,STORAGE_SIZE,true,V2.cDVVafPJOohHmYIJVjimVVSgYhVBmNKTGB+XSMXfosWNikUtbiHgfmE==,default/williammorales@gmail.com,2022-04-03T16:41:50.000Z,
V2.cDVVafPJOohHmYIJVjimVVSgYhVBmNKTGB+RpmxJHNHKNnttCkYQWaE==,ocid1.tenancy.oc1..wYxQtOPqXABVNJzZeoEIOkUQCrXhhVuNYSxFwhL,2022-04-03T17:00Z,2022-04-03T18:00Z,COMPUTE,PIC_COMPUTE_VM_STANDARD_E2_MICRO_FREE,ocid1.tenancy.oc1..wYxQtOPqXABVNJzZeoEIOkUQCrXhhVuNYSxFwhL,williammorales,us-phoenix-1,pUIl:US-PHOENIX-1-AD-3,ocid1.instance.oci.us-phoenix-1.CWAxrzuSmoSbBlJMhOpncqnePpcttXPIil,818328709,910164768,GB_MS,STORAGE_SIZE,true,V2.cDVVafPJOohHmYIJVjimVVSgYhVBmNKTGB+mizBSBIzPWMyXriCkvEk==,default/williammorales@gmail.com,,true
V2.cDVVafPJOohHmYIJVjimVVSgYhVBmNKTGB+LtDBoPZGIDHFNZdbDPEh==,ocid1.tenancy.oc1..wYxQtOPqXABVNJzZeoEIOkUQCrXhhVuNYSxFwhL,2022-04-03T18:00Z,2022-04-03T19:00Z,COMPUTE,PIC_COMPUTE_VM_STANDARD_E2_MICRO_FREE,ocid1.tenancy.oc1..wYxQtOPqXABVNJzZeoEIOkUQCrXhhVuNYSxFwhL,williammorales,us-phoenix-1,pUIl:US-PHOENIX-1-AD-3,ocid1.instance.oci.us-phoenix-1.CWAxrzuSmoSbBlJMhOpncqnePpcttXPIil,818328709,910164768,GB_MS,STORAGE_SIZE,true,V2.cDVVafPJOohHmYIJVjimVVSgYhVBmNKTGB+QGapUoohPsZoCFDFjDga==,default/williammorales@gmail.com,2022-04-03T19:04:33.000Z,
V2.cDVVafPJOohHmYIJVjimVVSgYhVBmNKTGB+cOQXZNFkdhaAflOKvEOF==,ocid1.tenancy.oc1..wYxQtOPqXABVNJzZeoEIOkUQCrXhhVuNYSxFwhL,2022-04-03T19:00Z,2022-04-03T20:00Z,COMPUTE,PIC_COMPUTE_VM_STANDARD_E2_MICRO_FREE,ocid1.tenancy.oc1..wYxQtOPqXABVNJzZeoEIOkUQCrXhhVuNYSxFwhL,williammorales,us-phoenix-1,pUIl:US-PHOENIX-1-AD-3,ocid1.instance.oci.us-phoenix-1.CWAxrzuSmoSbBlJMhOpncqnePpcttXPIil,818328709,910164768,GB_MS,STORAGE_SIZE,true,V2.cDVVafPJOohHmYIJVjimVVSgYhVBmNKTGB+CZZhBkAjtorLrKZYeMZm==,default/williammorales@gmail.com,2022-04-03T19:48:50.000Z,true
V2.cDVVafPJOohHmYIJVjimVVSgYhVBmNKTGB+VwtEKcCWWNDmUyhfVAvY==,ocid1.tenancy.oc1..wYxQtOPqXABVNJzZeoEIOkUQCrXhhVuNYSxFwhL,2022-04-03T20:00Z,2022-04-03T21:00Z,COMPUTE,PIC_COMPUTE_VM_STANDARD_E2_MICRO_FREE,ocid1.tenancy.oc1..wYxQtOPqXABVNJzZeoEIOkUQCrXhhVuNYSxFwhL,williammorales,us-phoenix-1,pUIl:US-PHOENIX-1-AD-3,ocid1.instance.oci.us-phoenix-1.CWAxrzuSmoSbBlJMhOpncqnePpcttXPIil,818328709,910164768,GB_MS,STORAGE_SIZE,true,V2.cDVVafPJOohHmYIJVjimVVSgYhVBmNKTGB+MvpAvIHUaNsyIPaIfmAc==,default/williammorales@gmail.com,2022-04-03T20:50:22.000Z,
V2.cDVVafPJOohHmYIJVjimVVSgYhVBmNKTGB+quVQtiBxCrFXcgXliNPD==,ocid1.tenancy.oc1..wYxQtOPqXABVNJzZeoEIOkUQCrXhhVuNYSxFwhL,2022-04-03T21:00Z,2022-04-03T22:00Z,COMPUTE,PIC_COMPUTE_VM_STANDARD_E2_MICRO_FREE,ocid1.tenancy.oc1..wYxQtOPqXABVNJzZeoEIOkUQCrXhhVuNYSxFwhL,williammorales,us-phoenix-1,pUIl:US-PHOENIX-1-AD-3,ocid1.instance.oci.us-phoenix-1.CWAxrzuSmoSbBlJMhOpncqnePpcttXPIil,818328709,910164768,GB_MS,STORAGE_SIZE,true,V2.cDVVafPJOohHmYIJVjimVVSgYhVBmNKTGB+AaOBZlgLlSDoXKWZPsxg==,default/williammorales@gmail.com,2022-04-03T21:46:01.000Z,
V2.cDVVafPJOohHmYIJVjimVVSgYhVBmNKTGB+AHPSxjSsVxCOyWcWADwx==,ocid1.tenancy.oc1..wYxQtOPqXABVNJzZeoEIOkUQCrXhhVuNYSxFwhL,2022-04-03T22:00Z,2022-04-03T23:00Z,COMPUTE,PIC_COMPUTE_VM_STANDARD_E2_MICRO_FREE,ocid1.tenancy.oc1..wYxQtOPqXABVNJzZeoEIOkUQCrXhhVuNYSxFwhL,williammorales,us-phoenix-1,pUIl:US-PHOENIX-1-AD-3,ocid1.instance.oci.us-phoenix-1.CWAxrzuSmoSbBlJMhOpncqnePpcttXPIil,818328709,910164768,GB_MS,STORAGE_SIZE,true,V2.cDVVafPJOohHmYIJVjimVVSgYhVBmNKTGB+aaZpqlPqEGlFLTnlreDV==,default/williammorales@gmail.com,2022-04-03T22:02:43.000Z,
V2.cDVVafPJOohHmYIJVjimVVSgYhVBmNKTGB+ccAwvHzzGmVEzLNEPlBe==,ocid1.tenancy.oc1..wYxQtOPqXABVNJzZeoEIOkUQCrXhhVuNYSxFwhL,2022-04-03T23:00Z,2022-04-04T00:00Z,COMPUTE,PIC_COMPUTE_VM_STANDARD_E2_MICRO_FREE,ocid1.tenancy.oc1..wYxQtOPqXABVNJzZeoEIOkUQCrXhhVuNYSxFwhL,williammorales,us-phoenix-1,pUIl:US-PHOENIX-1-AD-3,ocid1.instance.oci.us-phoenix-1.CWAxrzuSmoSbBlJMhOpncqnePpcttXPIil,818328709,910164768,GB_MS,STORAGE_SIZE,true,V2.cDVVafPJOohHmYIJVjimVVSgYhVBmNKTGB+wfmMIaBZprHxVbfISoQa==,default/williammorales@gmail.com,2022-04-04T00:40:19.000Z,
V2.cDVVafPJOohHmYIJVjimVVSgYhVBmNKTGB+mqhhchRYbAYcBgUbFzqy==,ocid1.tenancy.oc1..wYxQtOPqXABVNJzZeoEIOkUQCrXhhVuNYSxFwhL,2022-04-04T00:00Z,2022-04-04T01:00Z,COMPUTE,PIC_COMPUTE_VM_STANDARD_E2_MICRO_FREE,ocid1.tenancy.oc1..wYxQtOPqXABVNJzZeoEIOkUQCrXhhVuNYSxFwhL,williammorales,us-phoenix-1,pUIl:US-PHOENIX-1-AD-3,ocid1.instance.oci.us-phoenix-1.CWAxrzuSmoSbBlJMhOpncqnePpcttXPIil,818328709,910164768,GB_MS,STORAGE_SIZE,true,V2.cDVVafPJOohHmYIJVjimVVSgYhVBmNKTGB+BeRwrNZVslqkGPdQenyH==,default/williammorales@gmail.com,,true
V2.cDVVafPJOohHmYIJVjimVVSgYhVBmNKTGB+SsQMCUNAxKfSHtcIuFIo==,ocid1.tenancy.oc1..wYxQtOPqXABVNJzZeoEIOkUQCrXhhVuNYSxFwhL,2022-04-04T01:00Z,2022-04-04T02:00Z,COMPUTE,PIC_COMPUTE_VM_STANDARD_E2_MICRO_FREE,ocid1.tenancy.oc1..wYxQtOPqXABVNJzZeoEIOkUQCrXhhVuNYSxFwhL,williammorales,us-phoenix-1,pUIl:US-PHOENIX-1-AD-3,ocid1.instance.oci.us-phoenix-1.CWAxrzuSmoSbBlJMhOpncqnePpcttXPIil,818328709,910164768,GB_MS,STORAGE_SIZE,true,V2.cDVVafPJOohHmYIJVjimVVSgYhVBmNKTGB+UvJPrGWsAbwazPCvkiXY==,default/williammorales@gmail.com,2022-04-04T02:43:15.000Z,
V2.cDVVafPJOohHmYIJVjimVVSgYhVBmNKTGB+nxIBAFBNcSAUwfnIkhHG==,ocid1.tenancy.oc1..wYxQtOPqXABVNJzZeoEIOkUQCrXhhVuNYSxFwhL,2022-04-04T02:00Z,2022-04-04T03:00Z,COMPUTE,PIC_COMPUTE_VM_STANDARD_E2_MICRO_FREE,ocid1.tenancy.oc1..wYxQtOPqXABVNJzZeoEIOkUQCrXhhVuNYSxFwhL,williammorales,us-phoenix-1,pUIl:US-PHOENIX-1-AD-3,ocid1.instance.oci.us-phoenix-1.CWAxrzuSmoSbBlJMhOpncqnePpcttXPIil,818328709,910164768,GB_MS,STORAGE_SIZE,true,V2.cDVVafPJOohHmYIJVjimVVSgYhVBmNKTGB+xzzaBqASfJzLSZkHobWK==,default/williammorales@gmail.com,2022-04-04T03:20:36.000Z,
V2.cDVVafPJOohHmYIJVjimVVSgYhVBmNKTGB+UHieoKZIvwYTxtzlBqUO==,ocid1.tenancy.oc1..wYxQtOPqXABVNJzZeoEIOkUQCrXhhVuNYSxFwhL,2022-04-04T03:00Z,2022-04-04T04:00Z,COMPUTE,PIC_COMPUTE_VM_STANDARD_E2_MICRO_FREE,ocid1.tenancy.oc1..wYxQtOPqXABVNJzZeoEIOkUQCrXhhVuNYSxFwhL,williammorales,us-phoenix-1,pUIl:US-PHOENIX-1-AD-3,ocid1.instance.oci.us-phoenix-1.CWAxrzuSmoSbBlJMhOpncqnePpcttXPIil,818328709,910164768,GB_MS,STORAGE_SIZE,true,V2.cDVVafPJOohHmYIJVjimVVSgYhVBmNKTGB+gsNlduzgcKefXcvdlUYe==,default/williammorales@gmail.com,,true
V2.cDVVafPJOohHmYIJVjimVVSgYhVBmNKTGB+pBZBrDgHGpdbpMHkchci==,ocid1.tenancy.oc1..wYxQtOPqXABVNJzZeoEIOkUQCrXhhVuNYSxFwhL,2022-04-04T04:00Z,2022-04-04T05:00Z,COMPUTE,PIC_COMPUTE_VM_STANDARD_E2_MICRO_FREE,ocid1.tenancy.oc1..wYxQtOPqXABVNJzZeoEIOkUQCrXhhVuNYSxFwhL,williammorales,us-phoenix-1,pUIl:US-PHOENIX-1-AD-3,ocid1.instance.oci.us-phoenix-1.CWAxrzuSmoSbBlJMhOpncqnePpcttXPIil,818328709,910164768,GB_MS,STORAGE_SIZE,true,V2.cDVVafPJOohHmYIJVjimVVSgYhVBmNKTGB+ICsjfWWvuKMTHftbSoeJ==,default/williammorales@gmail.com,2022-04-04T04:49:11.000Z,
V2.cDVVafPJOohHmYIJVjimVVSgYhVBmNKTGB+rpWKomZNPpVBmUndhNWQ==,ocid1.tenancy.oc1..wYxQtOPqXABVNJzZeoEIOkUQCrXhhVuNYSxFwhL,2022-04-04T05:00Z,2022-04-04T06:00Z,COMPUTE,PIC_COMPUTE_VM_STANDARD_E2_MICRO_FREE,ocid1.tenancy.oc1..wYxQtOPqXABVNJzZeoEIOkUQCrXhhVuNYSxFwhL,williammorales,us-phoenix-1,pUIl:US-PHOENIX-1-AD-3,ocid1.instance.oci.us-phoenix-1.CWAxrzuSmoSbBlJMhOpncqnePpcttXPIil,818328709,910164768,GB_MS,STORAGE_SIZE,true,V2.cDVVafPJOohHmYIJVjimVVSgYhVBmNKTGB+SvtjvcBgHOANHTzxpLcH==,default/williammorales@gmail.com,2022-04-04T05:26:13.000Z,true
V2.cDVVafPJOohHmYIJVjimVVSgYhVBmNKTGB+vGrarvjYutKRqEyniSFK==,ocid1.tenancy.oc1..wYxQtOPqXABVNJzZeoEIOkUQCrXhhVuNYSxFwhL,2022-04-04T06:00Z,2022-04-04T07:00Z,COMPUTE,PIC_COMPUTE_VM_STANDARD_E2_MICRO_FREE,ocid1.tenancy.oc1..wYxQtOPqXABVNJzZeoEIOkUQCrXhhVuNYSxFwhL,williammorales,us-phoenix-1,pUIl:US-PHOENIX-1-AD-3,ocid1.instance.oci.us-phoenix-1.CWAxrzuSmoSbBlJMhOpncqnePpcttXPIil,818328709,910164768,GB_MS,STORAGE_SIZE,true,V2.cDVVafPJOohHmYIJVjimVVSgYhVBmNKTGB+iAILiHCfwQGUTwOvnsPg==,default/williammorales@gmail.com,2022-04-04T07:15:03.000Z,
V2.cDVVafPJOohHmYIJVjimVVSgYhVBmNKTGB+GYegQghhJMiSiXdNHlzE==,ocid1.tenancy.oc1..wYxQtOPqXABVNJzZeoEIOkUQCrXhhVuNYSxFwhL,2022-04-04T07:00Z,2022-04-04T08:00Z,COMPUTE,PIC_COMPUTE_VM_STANDARD_E2_MICRO_FREE,ocid1.tenancy.oc1..wYxQtOPqXABVNJzZeoEIOkUQCrXhhVuNYSxFwhL,williammorales,us-phoenix-1,pUIl:US-PHOENIX-1-AD-3,ocid1.instance.oci.us-phoenix-1.CWAxrzuSmoSbBlJMhOpncqnePpcttXPIil,818328709,910164768,GB_MS,STORAGE_SIZE,true,V2.cDVVafPJOohHmYIJVjimVVSgYhVBmNKTGB+zvPQuPOfBPcALhuxuxrf==,default/williammorales@gmail.com,2022-04-04T07:12:18.000Z,true
V2.cDVVafPJOohHmYIJVjimVVSgYhVBmNKTGB+wOHnsdoTYKHsybyxHHOD==,ocid1.tenancy.oc1..wYxQtOPqXABVNJzZeoEIOkUQCrXhhVuNYSxFwhL,2022-04-04T08:00Z,2022-04-04T09:00Z,COMPUTE,PIC_COMPUTE_VM_STANDARD_E2_MICRO_FREE,ocid1.tenancy.oc1..wYxQtOPqXABVNJzZeoEIOkUQCrXhhVuNYSxFwhL,williammorales,us-phoenix-1,pUIl:US-PHOENIX-1-AD-3,ocid1.instance.oci.us-phoenix-1.CWAxrzuSmoSbBlJMhOpncqnePpcttXPIil,818328709,910164768,GB_MS,STORAGE_SIZE,true,V2.cDVVafPJOohHmYIJVjimVVSgYhVBmNKTGB+uyFGURLOxzpnSlAWdkie==,default/williammorales@gmail.com,2022-04-04T08:18:31.000Z,true
V2.cDVVafPJOohHmYIJVjimVVSgYhVBmNKTGB+TVKMLCSARwNWFgvgXcTK==,ocid1.tenancy.oc1..wYxQtOPqXABVNJzZeoEIOkUQCrXhhVuNYSxFwhL,2022-04-04T09:00Z,2022-04-04T10:00Z,COMPUTE,PIC_COMPUTE_VM_STANDARD_E2_MICRO_FREE,ocid1.tenancy.oc1..wYxQtOPqXABVNJzZeoEIOkUQCrXhhVuNYSxFwhL,williammorales,us-phoenix-1,pUIl:US-PHOENIX-1-AD-3,ocid1.instance.oci.us-phoenix-1.CWAxrzuSmoSbBlJMhOpncqnePpcttXPIil,818328709,910164768,GB_MS,STORAGE_SIZE,true,V2.cDVVafPJOohHmYIJVjimVVSgYhVBmNKTGB+gwMoHVxOpgVozSHcQjdf==,default/williammorales@gmail.com,,true
V2.cDVVafPJOohHmYIJVjimVVSgYhVBmNKTGB+HpBGpPoiaMOocFMczsWe==,ocid1.tenancy.oc1..wYxQtOPqXABVNJzZeoEIOkUQCrXhhVuNYSxFwhL,2022-04-04T10:00Z,2022-04-04T11:00Z,COMPUTE,PIC_COMPUTE_VM_STANDARD_E2_MICRO_FREE,ocid1.tenancy.oc1..wYxQtOPqXABVNJzZeoEIOkUQCrXhhVuNYSxFwhL,williammorales,us-phoenix-1,pUIl:US-PHOENIX-1-AD-3,ocid1.instance.oci.us-phoenix-1.CWAxrzuSmoSbBlJMhOpncqnePpcttXPIil,818328709,910164768,GB_MS,STORAGE_SIZE,true,V2.cDVVafPJOohHmYIJVjimVVSgYhVBmNKTGB+YQPaNXNuqFNbTykKCWsr==,default/williammorales@gmail.com,2022-04-04T10:41:30.000Z,true
V2.cDVVafPJOohHmYIJVjimVVSgYhVBmNKTGB+ircrLyNbFjTacDPLAofc==,ocid1.tenancy.oc1..wYxQtOPqXABVNJzZeoEIOkUQCrXhhVuNYSxFwhL,2022-04-04T11:00Z,2022-04-04T12:00Z,COMPUTE,PIC_COMPUTE_VM_STANDARD_E2_MICRO_FREE,ocid1.tenancy.oc1..wYxQtOPqXABVNJzZeoEIOkUQCrXhhVuNYSxFwhL,williammorales,us-phoenix-1,pUIl:US-PHOENIX-1-AD-3,ocid1.instance.oci.us-phoenix-1.CWAxrzuSmoSbBlJMhOpncqnePpcttXPIil,818328709,910164768,GB_MS,STORAGE_SIZE,true,V2.cDVVafPJOohHmYIJVjimVVSgYhVBmNKTGB+TnWLRhRryexjAkiMVVvs==,default/williammorales@gmail.com,,
V2.cDVVafPJOohHmYIJVjimVVSgYhVBmNKTGB+qxZsjxKVUPfRJolMcdmk==,ocid1.tenancy.oc1..wYxQtOPqXABVNJzZeoEIOkUQCrXhhVuNYSxFwhL,2022-04-04T12:00Z,2022-04-04T13:00Z,COMPUTE,PIC_COMPUTE_VM_STANDARD_E2_MICRO_FREE,ocid1.tenancy.oc1..wYxQtOPqXABVNJzZeoEIOkUQCrXhhVuNYSxFwhL,williammorales,us-phoenix-1,pUIl:US-PHOENIX-1-AD-3,ocid1.instance.oci.us-phoenix-1.CWAxrzuSmoSbBlJMhOpncqnePpcttXPIil,818328709,910164768,GB_MS,STORAGE_SIZE,true,V2.cDVVafPJOohHmYIJVjimVVSgYhVBmNKTGB+NCjKMXQgcQkJzgRGHqwh==,default/williammorales@gmail.com,2022-04-04T12:43:01.000Z,true
V2.cDVVafPJOohHmYIJVjimVVSgYhVBmNKTGB+flHYlZUvTQaGCqScvTwO==,ocid1.tenancy.oc1..wYxQtOPqXABVNJzZeoEIOkUQCrXhhVuNYSxFwhL,2022-04-04T13:00Z,2022-04-04T14:00Z,COMPUTE,PIC_COMPUTE_VM_STANDARD_E2_MICRO_FREE,ocid1.tenancy.oc1..wYxQtOPqXABVNJzZeoEIOkUQCrXhhVuNYSxFwhL,williammorales,us-phoenix-1,pUIl:US-PHOENIX-1-AD-3,ocid1.instance.oci.us-phoenix-1.CWAxrzuSmoSbBlJMhOpncqnePpcttXPIil,818328709,910164768,GB_MS,STORAGE_SIZE,true,V2.cDVVafPJOohHmYIJVjimVVSgYhVBmNKTGB+dptxlTNRWaMxJUTkVeDq==,default/williammorales@gmail.com,2022-04-04T13:12:50.000Z,true
V2.cDVVafPJOohHmYIJVjimVVSgYhVBmNKTGB+CvsPHdOwJxTUKJsSYvOn==,ocid1.tenancy.oc1..wYxQtOPqXABVNJzZeoEIOkUQCrXhhVuNYSxFwhL,2022-04-04T14:00Z,2022-04-04T15:00Z,COMPUTE,PIC_COMPUTE_VM_STANDARD_E2_MICRO_FREE,ocid1.tenancy.oc1..wYxQtOPqXABVNJzZeoEIOkUQCrXhhVuNYSxFwhL,williammorales,us-phoenix-1,pUIl:US-PHOENIX-1-AD-3,ocid1.instance.oci.us-phoenix-1.CWAxrzuSmoSbBlJMhOpncqnePpcttXPIil,818328709,910164768,GB_MS,STORAGE_SIZE,true,V2.cDVVafPJOohHmYIJVjimVVSgYhVBmNKTGB+rtDsXOTItTOjvtHGlGZc==,default/williammorales@gmail.com,,true
V2.cDVVafPJOohHmYIJVjimVVSgYhVBmNKTGB+teooTEkbazQOvircLVXa==,ocid1.tenancy.oc1..wYxQtOPqXABVNJzZeoEIOkUQCrXhhVuNYSxFwhL,2022-04-04T15:00Z,2022-04-04T16:00Z,COMPUTE,PIC_COMPUTE_VM_STANDARD_E2_MICRO_FREE,ocid1.tenancy.oc1..wYxQtOPqXABVNJzZeoEIOkUQCrXhhVuNYSxFwhL,williammorales,us-phoenix-1,pUIl:US-PHOENIX-1-AD-3,ocid1.instance.oci.us-phoenix-1.CWAxrzuSmoSbBlJMhOpncqnePpcttXPIil,818328709,910164768,GB_MS,STORAGE_SIZE,true,V2.cDVVafPJOohHmYIJVjimVVSgYhVBmNKTGB+jHUTmQIrPYIReEUfeuSU==,default/williammorales@gmail.com,2022-04-04T16:17:23.000Z,true
V2.cDVVafPJOohHmYIJVjimVVSgYhVBmNKTGB+GkyxcOvhbywuXrbYcYGA==,ocid1.tenancy.oc1..wYxQtOPqXABVNJzZeoEIOkUQCrXhhVuNYSxFwhL,2022-04-04T16:00Z,2022-04-04T17:00Z,COMPUTE,PIC_COMPUTE_VM_STANDARD_E2_MICRO_FREE,ocid1.tenancy.oc1..wYxQtOPqXABVNJzZeoEIOkUQCrXhhVuNYSxFwhL,williammorales,us-phoenix-1,pUIl:US-PHOENIX-1-AD-3,ocid1.instance.oci.us-phoenix-1.CWAxrzuSmoSbBlJMhOpncqnePpcttXPIil,818328709,910164768,GB_MS,STORAGE_SIZE,true,V2.cDVVafPJOohHmYIJVjimVVSgYhVBmNKTGB+jEiNSAahCTtljKVoeYvF==,default/williammorales@gmail.com,2022-04-04T17:26:08.000Z,
V2.cDVVafPJOohHmYIJVjimVVSgYhVBmNKTGB+xwFywmNyesbMWznvGazn==,ocid1.tenancy.oc1..wYxQtOPqXABVNJzZeoEIOkUQCrXhhVuNYSxFwhL,2022-04-04T17:00Z,2022-04-04T18:00Z,COMPUTE,PIC_COMPUTE_VM_STANDARD_E2_MICRO_FREE,ocid1.tenancy.oc1..wYxQtOPqXABVNJzZeoEIOkUQCrXhhVuNYSxFwhL,williammorales,us-phoenix-1,pUIl:US-PHOENIX-1-AD-3,ocid1.instance.oci.us-phoenix-1.CWAxrzuSmoSbBlJMhOpncqnePpcttXPIil,818328709,910164768,GB_MS,STORAGE_SIZE,true,V2.cDVVafPJOohHmYIJVjimVVSgYhVBmNKTGB+KJwpRHJrQLeTmhSZJWJK==,default/williammorales@gmail.com,,
V2.cDVVafPJOohHmYIJVjimVVSgYhVBmNKTGB+uXwQFSOkzfSXyXVGmrGt==,ocid1.tenancy.oc1..wYxQtOPqXABVNJzZeoEIOkUQCrXhhVuNYSxFwhL,2022-04-04T18:00Z,2022-04-04T19:00Z,COMPUTE,PIC_COMPUTE_VM_STANDARD_E2_MICRO_FREE,ocid1.tenancy.oc1..wYxQtOPqXABVNJzZeoEIOkUQCrXhhVuNYSxFwhL,williammorales,us-phoenix-1,pUIl:US-PHOENIX-1-AD-3,ocid1.instance.oci.us-phoenix-1.CWAxrzuSmoSbBlJMhOpncqnePpcttXPIil,818328709,910164768,GB_MS,STORAGE_SIZE,true,V2.cDVVafPJOohHmYIJVjimVVSgYhVBmNKTGB+HjzFzmMvCfbUJPaokGFE==,default/williammorales@gmail.com,2022-04-04T18:36:42.000Z,true
V2.cDVVafPJOohHmYIJVjimVVSgYhVBmNKTGB+IFVQORWIPyPYrNjLpbix==,ocid1.tenancy.oc1..wYxQtOPqXABVNJzZeoEIOkUQCrXhhVuNYSxFwhL,2022-04-04T19:00Z,2022-04-04T20:00Z,COMPUTE,PIC_COMPUTE_VM_STANDARD_E2_MICRO_FREE,ocid1.tenancy.oc1..wYxQtOPqXABVNJzZeoEIOkUQCrXhhVuNYSxFwhL,williammorales,us-phoenix-1,pUIl:US-PHOENIX-1-AD-3,ocid1.instance.oci.us-phoenix-1.CWAxrzuSmoSbBlJMhOpncqnePpcttXPIil,818328709,910164768,GB_MS,STORAGE_SIZE,true,V2.cDVVafPJOohHmYIJVjimVVSgYhVBmNKTGB+oWesGwSrsMsXTePMVVVn==,default/williammorales@gmail.com,2022-04-04T19:47:33.000Z,
V2.cDVVafPJOohHmYIJVjimVVSgYhVBmNKTGB+vtpvnwiWFSMwFbiZsnKB==,ocid1.tenancy.oc1..wYxQtOPqXABVNJzZeoEIOkUQCrXhhVuNYSxFwhL,2022-04-04T20:00Z,2022-04-04T21:00Z,COMPUTE,PIC_COMPUTE_VM_STANDARD_E2_MICRO_FREE,ocid1.tenancy.oc1..wYxQtOPqXABVNJzZeoEIOkUQCrXhhVuNYSxFwhL,williammorales,us-phoenix-1,pUIl:US-PHOENIX-1-AD-3,ocid1.instance.oci.us-phoenix-1.CWAxrzuSmoSbBlJMhOpncqnePpcttXPIil,818328709,910164768,GB_MS,STORAGE_SIZE,true,V2.cDVVafPJOohHmYIJVjimVVSgYhVBmNKTGB+GHpcNUfYDmHbORYBTvqf==,default/williammorales@gmail.com,2022-04-04T21:21:36.000Z,true
V2.cDVVafPJOohHmYIJVjimVVSgYhVBmNKTGB+QfhtPEfAZfdKFuDkdyeK==,ocid1.tenancy.oc1..wYxQtOPqXABVNJzZeoEIOkUQCrXhhVuNYSxFwhL,2022-04-04T21:00Z,2022-04-04T22:00Z,COMPUTE,PIC_COMPUTE_VM_STANDARD_E2_MICRO_FREE,ocid1.tenancy.oc1..wYxQtOPqXABVNJzZeoEIOkUQCrXhhVuNYSxFwhL,williammorales,us-phoenix-1,pUIl:US-PHOENIX-1-AD-3,ocid1.instance.oci.us-phoenix-1.CWAxrzuSmoSbBlJMhOpncqnePpcttXPIil,818328709,910164768,GB_MS,STORAGE_SIZE,true,V2.cDVVafPJOohHmYIJVjimVVSgYhVBmNKTGB+CacxXkimehMSsRkoPLFn==,default/williammorales@gmail.com,2022-04-04T21:40:23.000Z,
V2.cDVVafPJOohHmYIJVjimVVSgYhVBmNKTGB+bnjYyZdyLvDoddnjYZFq==,ocid1.tenancy.oc1..wYxQtOPqXABVNJzZeoEIOkUQCrXhhVuNYSxFwhL,2022-04-04T22:00Z,2022-04-04T23:00Z,COMPUTE,PIC_COMPUTE_VM_STANDARD_E2_MICRO_FREE,ocid1.tenancy.oc1..wYxQtOPqXABVNJzZeoEIOkUQCrXhhVuNYSxFwhL,williammorales,us-phoenix-1,pUIl:US-PHOENIX-1-AD-3,ocid1.instance.oci.us-phoenix-1.CWAxrzuSmoSbBlJMhOpncqnePpcttXPIil,818328709,910164768,GB_MS,STORAGE_SIZE,true,V2.cDVVafPJOohHmYIJVjimVVSgYhVBmNKTGB+GAFsoPhLDPrJwIVKaFWq==,default/williammorales@gmail.com,,
V2.GxRNphylTJCiTYlHPgKftvlJvgVPTDOICJEUGqeVIXQv+qOYLpIrYWdInRmFLvDrf==,ocid1.tenancy.oc1..KsFuiHnwlOUMnnPuXKypVAAWAWJMJKFqxhgv,2022-04-01T00:00Z,2022-04-01T01:00Z,NETWORK,,ocid1.tenancy.oc1..KsFuiHnwlOUMnnPuXKypVAAWAWJMJKFqxhgv,anthonyallen,ap-mumbai-1,aOrj:AP-MUMBAI-1-AD-1,ocid1.instance.oci.ap-mumbai-1.TErdujhxVrouHFiYuCRkOpZVOPLnOzhDYPW,,,,,true,V2.GxRNphylTJCiTYlHPgKftvlJvgVPTDOICJEUGqeVIXQv+AUQsubHdUIbunBJuKMHR==,default/anthonyallen@gmail.com,2022-04-01T01:44:27.000Z,true
V2.GxRNphylTJCiTYlHPgKftvlJvgVPTDOICJEUGqeVIXQv+pbjCQHqaAUIuisYOcLDC==,ocid1.tenancy.oc1..KsFuiHnwlOUMnnPuXKypVAAWAWJMJKFqxhgv,2022-04-01T01:00Z,2022-04-01T02:00Z,NETWORK,,ocid1.tenancy.oc1..KsFuiHnwlOUMnnPuXKypVAAWAWJMJKFqxhgv,anthonyallen,ap-mumbai-1,aOrj:AP-MUMBAI-1-AD-1,ocid1.instance.oci.ap-mumbai-1.TErdujhxVrouHFiYuCRkOpZVOPLnOzhDYPW,,,,,true,V2.GxRNphylTJCiTYlHPgKftvlJvgVPTDOICJEUGqeVIXQv+aujhORMyZCLQSSuTEhhm==,default/anthonyallen@gmail.com,2022-04-01T02:41:47.000Z,true
V2.GxRNphylTJCiTYlHPgKftvlJvgVPTDOICJEUGqeVIXQv+yVOKLatwZmlOXpZHOFQM==,ocid1.tenancy.oc1..KsFuiHnwlOUMnnPuXKypVAAWAWJMJKFqxhgv,2022-04-01T02:00Z,2022-04-01T03:00Z,NETWORK,,ocid1.tenancy.oc1..KsFuiHnwlOUMnnPuXKypVAAWAWJMJKFqxhgv,anthonyallen,ap-mumbai-1,aOrj:AP-MUMBAI-1-AD-1,ocid1.instance.oci.ap-mumbai-1.TErdujhxVrouHFiYuCRkOpZVOPLnOzhDYPW,,,,,true,V2.GxRNphylTJCiTYlHPgKftvlJvgVPTDOICJEUGqeVIXQv+gwZKzPifQfWJbumAHWKi==,default/anthonyallen@gmail.com,,true
V2.GxRNphylTJCiTYlHPgKftvlJvgVPTDOICJEUGqeVIXQv+cytupOmLXZKbKXyzpVYs==,ocid1.tenancy.oc1..KsFuiHnwlOUMnnPuXKypVAAWAWJMJKFqxhgv,2022-04-01T03:00Z,2022-04-01T04:00Z,NETWORK,,ocid1.tenancy.oc1..KsFuiHnwlOUMnnPuXKypVAAWAWJMJKFqxhgv,anthonyallen,ap-mumbai-1,aOrj:AP-MUMBAI-1-AD-1,ocid1.instance.oci.ap-mumbai-1.TErdujhxVrouHFiYuCRkOpZVOPLnOzhDYPW,,,,,true,V2.GxRNphylTJCiTYlHPgKftvlJvgVPTDOICJEUGqeVIXQv+zgJDAZJRrIZGcBrSdLZs==,default/anthonyallen@gmail.com,2022-04-01T04:44:25.000Z,true
V2.GxRNphylTJCiTYlHPgKftvlJvgVPTDOICJEUGqeVIXQv+seNWTcsruXcRbHqRbTPw==,ocid1.tenancy.oc1..KsFuiHnwlOUMnnPuXKypVAAWAWJMJKFqxhgv,2022-04-01T04:00Z,2022-04-01T05:00Z,NETWORK,,ocid1.tenancy.oc1..KsFuiHnwlOUMnnPuXKypVAAWAWJMJKFqxhgv,anthonyallen,ap-mumbai-1,aOrj:AP-MUMBAI-1-AD-1,ocid1.instance.oci.ap-mumbai-1.TErdujhxVrouHFiYuCRkOpZVOPLnOzhDYPW,,,,,true,V2.GxRNphylTJCiTYlHPgKftvlJvgVPTDOICJEUGqeVIXQv+WVuWLxQWBymWSfVpupfb==,default/anthonyallen@gmail.com,,
V2.GxRNphylTJCiTYlHPgKftvlJvgVPTDOICJEUGqeVIXQv+VgIvhqYTfYhSbzcieGVH==,ocid1.tenancy.oc1..KsFuiHnwlOUMnnPuXKypVAAWAWJMJKFqxhgv,2022-04-01T05:00Z,2022-04-01T06:00Z,NETWORK,,ocid1.tenancy.oc1..KsFuiHnwlOUMnnPuXKypVAAWAWJMJKFqxhgv,anthonyallen,ap-mumbai-1,aOrj:AP-MUMBAI-1-AD-1,ocid1.instance.oci.ap-mumbai-1.TErdujhxVrouHFiYuCRkOpZVOPLnOzhDYPW,,,,,true,V2.GxRNphylTJCiTYlHPgKftvlJvgVPTDOICJEUGqeVIXQv+vJFvIBQJGEzvJtzFHtDL==,default/anthonyallen@gmail.com,,
V2.GxRNphylTJCiTYlHPgKftvlJvgVPTDOICJEUGqeVIXQv+nxNkwauVOXmjMUFtMXoL==,ocid1.tenancy.oc1..KsFuiHnwlOUMnnPuXKypVAAWAWJMJKFqxhgv,2022-04-01T06:00Z,2022-04-01T07:00Z,NETWORK,,ocid1.tenancy.oc1..KsFuiHnwlOUMnnPuXKypVAAWAWJMJKFqxhgv,anthonyallen,ap-mumbai-1,aOrj:AP-MUMBAI-1-AD-1,ocid1.instance.oci.ap-mumbai-1.TErdujhxVrouHFiYuCRkOpZVOPLnOzhDYPW,,,,,true,V2.GxRNphylTJCiTYlHPgKftvlJvgVPTDOICJEUGqeVIXQv+YvJMuYcKYQXMGUUeoszp==,default/anthonyallen@gmail.com,2022-04-01T07:37:03.000Z,
V2.GxRNphylTJCiTYlHPgKftvlJvgVPTDOICJEUGqeVIXQv+wTthJgEtNQfCeRCgtpvO==,ocid1.tenancy.oc1..KsFuiHnwlOUMnnPuXKypVAAWAWJMJKFqxhgv,2022-04-01T07:00Z,2022-04-01T08:00Z,NETWORK,,ocid1.tenancy.oc1..KsFuiHnwlOUMnnPuXKypVAAWAWJMJKFqxhgv,anthonyallen,ap-mumbai-1,aOrj:AP-MUMBAI-1-AD-1,ocid1.instance.oci.ap-mumbai-1.TErdujhxVrouHFiYuCRkOpZVOPLnOzhDYPW,,,,,true,V2.GxRNphylTJCiTYlHPgKftvlJvgVPTDOICJEUGqeVIXQv+HAOjjvmMIENJFaPAIIHe==,default/anthonyallen@gmail.com,,true
V2.GxRNphylTJCiTYlHPgKftvlJvgVPTDOICJEUGqeVIXQv+PpRYZmpZXYaDUEbZQRAM==,ocid1.tenancy.oc1..KsFuiHnwlOUMnnPuXKypVAAWAWJMJKFqxhgv,2022-04-01T08:00Z,2022-04-01T09:00Z,NETWORK,,ocid1.tenancy.oc1..KsFuiHnwlOUMnnPuXKypVAAWAWJMJKFqxhgv,anthonyallen,ap-mumbai-1,aOrj:AP-MUMBAI-1-AD-1,ocid1.instance.oci.ap-mumbai-1.TErdujhxVrouHFiYuCRkOpZVOPLnOzhDYPW,,,,,true,V2.GxRNphylTJCiTYlHPgKftvlJvgVPTDOICJEUGqeVIXQv+RjXXSIuWkOtmvYZJHxVE==,default/anthonyallen@gmail.com,,
V2.GxRNphylTJCiTYlHPgKftvlJvgVPTDOICJEUGqeVIXQv+wGSFMdGSmXtzOuxgUDYU==,ocid1.tenancy.oc1..KsFuiHnwlOUMnnPuXKypVAAWAWJMJKFqxhgv,2022-04-01T09:00Z,2022-04-01T10:00Z,NETWORK,,ocid1.tenancy.oc1..KsFuiHnwlOUMnnPuXKypVAAWAWJMJKFqxhgv,anthonyallen,ap-mumbai-1,aOrj:AP-MUMBAI-1-AD-1,ocid1.instance.oci.ap-mumbai-1.TErdujhxVrouHFiYuCRkOpZVOPLnOzhDYPW,,,,,true,V2.GxRNphylTJCiTYlHPgKftvlJvgVPTDOICJEUGqeVIXQv+XPIHCMaVGTXXRgqEIfsg==,default/anthonyallen@gmail.com,2022-04-01T10:31:26.000Z,
V2.GxRNphylTJCiTYlHPgKftvlJvgVPTDOICJEUGqeVIXQv+ORrFljSCBODXbpocCiOM==,ocid1.tenancy.oc1..KsFuiHnwlOUMnnPuXKypVAAWAWJMJKFqxhgv,2022-04-01T10:00Z,2022-04-01T11:00Z,NETWORK,,ocid1.tenancy.oc1..KsFuiHnwlOUMnnPuXKypVAAWAWJMJKFqxhgv,anthonyallen,ap-mumbai-1,aOrj:AP-MUMBAI-1-AD-1,ocid1.instance.oci.ap-mumbai-1.TErdujhxVrouHFiYuCRkOpZVOPLnOzhDYPW,,,,,true,V2.GxRNphylTJCiTYlHPgKftvlJvgVPTDOICJEUGqeVIXQv+kXJIqViSPqvrRdVRHrif==,default/anthonyallen@gmail.com,2022-04-01T11:23:29.000Z,
V2.GxRNphylTJCiTYlHPgKftvlJvgVPTDOICJEUGqeVIXQv+moSJGTJiusLBDOWgoDPg==,ocid1.tenancy.oc1..KsFuiHnwlOUMnnPuXKypVAAWAWJMJKFqxhgv,2022-04-01T11:00Z,2022-04-01T12:00Z,NETWORK,,ocid1.tenancy.oc1..KsFuiHnwlOUMnnPuXKypVAAWAWJMJKFqxhgv,anthonyallen,ap-mumbai-1,aOrj:AP-MUMBAI-1-AD-1,ocid1.instance.oci.ap-mumbai-1.TErdujhxVrouHFiYuCRkOpZVOPLnOzhDYPW,,,,,true,V2.GxRNphylTJCiTYlHPgKftvlJvgVPTDOICJEUGqeVIXQv+VadXqowcCPDnnCrYNgaA==,default/anthonyallen@gmail.com,2022-04-01T11:17:12.000Z,
V2.GxRNphylTJCiTYlHPgKftvlJvgVPTDOICJEUGqeVIXQv+FGuCykatxOPAcrISpTKk==,ocid1.tenancy.oc1..KsFuiHnwlOUMnnPuXKypVAAWAWJMJKFqxhgv,2022-04-01T12:00Z,2022-04-01T13:00Z,NETWORK,,ocid1.tenancy.oc1..KsFuiHnwlOUMnnPuXKypVAAWAWJMJKFqxhgv,anthonyallen,ap-mumbai-1,aOrj:AP-MUMBAI-1-AD-1,ocid1.instance.oci.ap-mumbai-1.TErdujhxVrouHFiYuCRkOpZVOPLnOzhDYPW,,,,,true,V2.GxRNphylTJCiTYlHPgKftvlJvgVPTDOICJEUGqeVIXQv+baaneljCSUXaEgQnNLFq==,default/anthonyallen@gmail.com,2022-04-01T13:49:07.000Z,
V2.GxRNphylTJCiTYlHPgKftvlJvgVPTDOICJEUGqeVIXQv+nvuZohCLKJPFsNCIJeZS==,ocid1.tenancy.oc1..KsFuiHnwlOUMnnPuXKypVAAWAWJMJKFqxhgv,2022-04-01T13:00Z,2022-04-01T14:00Z,NETWORK,,ocid1.tenancy.oc1..KsFuiHnwlOUMnnPuXKypVAAWAWJMJKFqxhgv,anthonyallen,ap-mumbai-1,aOrj:AP-MUMBAI-1-AD-1,ocid1.instance.oci.ap-mumbai-1.TErdujhxVrouHFiYuCRkOpZVOPLnOzhDYPW,,,,,true,V2.GxRNphylTJCiTYlHPgKftvlJvgVPTDOICJEUGqeVIXQv+UlAmjyBeDxwHXlVrblSz==,default/anthonyallen@gmail.com,2022-04-01T14:30:27.000Z,true
V2.GxRNphylTJCiTYlHPgKftvlJvgVPTDOICJEUGqeVIXQv+mEsbzhyQQzovWiUlIlZX==,ocid1.tenancy.oc1..KsFuiHnwlOUMnnPuXKypVAAWAWJMJKFqxhgv,2022-04-01T14:00Z,2022-04-01T15:00Z,NETWORK,,ocid1.tenancy.oc1..KsFuiHnwlOUMnnPuXKypVAAWAWJMJKFqxhgv,anthonyallen,ap-mumbai-1,aOrj:AP-MUMBAI-1-AD-1,ocid1.instance.oci.ap-mumbai-1.TErdujhxVrouHFiYuCRkOpZVOPLnOzhDYPW,,,,,true,V2.GxRNphylTJCiTYlHPgKftvlJvgVPTDOICJEUGqeVIXQv+hZUdiKlYRhrzmJMQfsWH==,default/anthonyallen@gmail.com,2022-04-01T14:14:46.000Z,
V2.GxRNphylTJCiTYlHPgKftvlJvgVPTDOICJEUGqeVIXQv+TMVBGMumUEKEpeSJTLRt==,ocid1.tenancy.oc1..KsFuiHnwlOUMnnPuXKypVAAWAWJMJKFqxhgv,2022-04-01T15:00Z,2022-04-01T16:00Z,NETWORK,,ocid1.tenancy.oc1..KsFuiHnwlOUMnnPuXKypVAAWAWJMJKFqxhgv,anthonyallen,ap-mumbai-1,aOrj:AP-MUMBAI-1-AD-1,ocid1.instance.oci.ap-mumbai-1.TErdujhxVrouHFiYuCRkOpZVOPLnOzhDYPW,,,,,true,V2.GxRNphylTJCiTYlHPgKftvlJvgVPTDOICJEUGqeVIXQv+mmJlhUIwVzYKAUevPiwA==,default/anthonyallen@gmail.com,,
V2.GxRNphylTJCiTYlHPgKftvlJvgVPTDOICJEUGqeVIXQv+ospdjYPACnmZBNzsJOCE==,ocid1.tenancy.oc1..KsFuiHnwlOUMnnPuXKypVAAWAWJMJKFqxhgv,2022-04-01T16:00Z,2022-04-01T17:00Z,NETWORK,,ocid1.tenancy.oc1..KsFuiHnwlOUMnnPuXKypVAAWAWJMJKFqxhgv,anthonyallen,ap-mumbai-1,aOrj:AP-MUMBAI-1-AD-1,ocid1.instance.oci.ap-mumbai-1.TErdujhxVrouHFiYuCRkOpZVOPLnOzhDYPW,,,,,true,V2.GxRNphylTJCiTYlHPgKftvlJvgVPTDOICJEUGqeVIXQv+yidbXxymzsOhzYkXomJQ==,default/anthonyallen@gmail.com,2022-04-01T16:49:49.000Z,
V2.GxRNphylTJCiTYlHPgKftvlJvgVPTDOICJEUGqeVIXQv+LCrnNrJdkYsmXnBgOtir==,ocid1.tenancy.oc1..KsFuiHnwlOUMnnPuXKypVAAWAWJMJKFqxhgv,2022-04-01T17:00Z,2022-04-01T18:00Z,NETWORK,,ocid1.tenancy.oc1..KsFuiHnwlOUMnnPuXKypVAAWAWJMJKFqxhgv,anthonyallen,ap-mumbai-1,aOrj:AP-MUMBAI-1-AD-1,ocid1.instance.oci.ap-mumbai-1.TErdujhxVrouHFiYuCRkOpZVOPLnOzhDYPW,,,,,true,V2.GxRNphylTJCiTYlHPgKftvlJvgVPTDOICJEUGqeVIXQv+YmQutCARDdoBbeQGALnP==,default/anthonyallen@gmail.com,2022-04-01T17:44:11.000Z,
V2.GxRNphylTJCiTYlHPgKftvlJvgVPTDOICJEUGqeVIXQv+KbKLTJzOMbbaSqougMJl==,ocid1.tenancy.oc1..KsFuiHnwlOUMnnPuXKypVAAWAWJMJKFqxhgv,2022-04-01T18:00Z,2022-04-01T19:00Z,NETWORK,,ocid1.tenancy.oc1..KsFuiHnwlOUMnnPuXKypVAAWAWJMJKFqxhgv,anthonyallen,ap-mumbai-1,aOrj:AP-MUMBAI-1-AD-1,ocid1.instance.oci.ap-mumbai-1.TErdujhxVrouHFiYuCRkOpZVOPLnOzhDYPW,,,,,true,V2.GxRNphylTJCiTYlHPgKftvlJvgVPTDOICJEUGqeVIXQv+hlznoDOzYVMhcDkSAQCd==,default/anthonyallen@gmail.com,2022-04-01T18:33:09.000Z,
V2.GxRNphylTJCiTYlHPgKftvlJvgVPTDOICJEUGqeVIXQv+ynTDiREBdmUcpiKQlOPg==,ocid1.tenancy.oc1..KsFuiHnwlOUMnnPuXKypVAAWAWJMJKFqxhgv,2022-04-01T19:00Z,2022-04-01T20:00Z,NETWORK,,ocid1.tenancy.oc1..KsFuiHnwlOUMnnPuXKypVAAWAWJMJKFqxhgv,anthonyallen,ap-mumbai-1,aOrj:AP-MUMBAI-1-AD-1,ocid1.instance.oci.ap-mumbai-1.TErdujhxVrouHFiYuCRkOpZVOPLnOzhDYPW,,,,,true,V2.GxRNphylTJCiTYlHPgKftvlJvgVPTDOICJEUGqeVIXQv+QWArgezGDZqUqYaFowuL==,default/anthonyallen@gmail.com,2022-04-01T19:19:40.000Z,true
V2.GxRNphylTJCiTYlHPgKftvlJvgVPTDOICJEUGqeVIXQv+dMbEejUhRKDHZYMOgELb==,ocid1.tenancy.oc1..KsFuiHnwlOUMnnPuXKypVAAWAWJMJKFqxhgv,2022-04-01T20:00Z,2022-04-01T21:00Z,NETWORK,,ocid1.tenancy.oc1..KsFuiHnwlOUMnnPuXKypVAAWAWJMJKFqxhgv,anthonyallen,ap-mumbai-1,aOrj:AP-MUMBAI-1-AD-1,ocid1.instance.oci.ap-mumbai-1.TErdujhxVrouHFiYuCRkOpZVOPLnOzhDYPW,,,,,true,V2.GxRNphylTJCiTYlHPgKftvlJvgVPTDOICJEUGqeVIXQv+JeHWYtWpLsQAgAGesWAq==,default/anthonyallen@gmail.com,,true
V2.GxRNphylTJCiTYlHPgKftvlJvgVPTDOICJEUGqeVIXQv+ExZYawEIynHnLnDhZICI==,ocid1.tenancy.oc1..KsFuiHnwlOUMnnPuXKypVAAWAWJMJKFqxhgv,2022-04-01T21:00Z,2022-04-01T22:00Z,NETWORK,,ocid1.tenancy.oc1..KsFuiHnwlOUMnnPuXKypVAAWAWJMJKFqxhgv,anthonyallen,ap-mumbai-1,aOrj:AP-MUMBAI-1-AD-1,ocid1.instance.oci.ap-mumbai-1.TErdujhxVrouHFiYuCRkOpZVOPLnOzhDYPW,,,,,true,V2.GxRNphylTJCiTYlHPgKftvlJvgVPTDOICJEUGqeVIXQv+BvGTxoImhqzQxAuQPCAm==,default/anthonyallen@gmail.com,,true
V2.GxRNphylTJCiTYlHPgKftvlJvgVPTDOICJEUGqeVIXQv+ojFKdquFwdfOClyoAJNu==,ocid1.tenancy.oc1..KsFuiHnwlOUMnnPuXKypVAAWAWJMJKFqxhgv,2022-04-01T22:00Z,2022-04-01T23:00Z,NETWORK,,ocid1.tenancy.oc1..KsFuiHnwlOUMnnPuXKypVAAWAWJMJKFqxhgv,anthonyallen,ap-mumbai-1,aOrj:AP-MUMBAI-1-AD-1,ocid1.instance.oci.ap-mumbai-1.TErdujhxVrouHFiYuCRkOpZVOPLnOzhDYPW,,,,,true,V2.GxRNphylTJCiTYlHPgKftvlJvgVPTDOICJEUGqeVIXQv+YNZJZXHXEcFJjapkDbww==,default/anthonyallen@gmail.com,2022-04-01T22:41:38.000Z,
V2.GxRNphylTJCiTYlHPgKftvlJvgVPTDOICJEUGqeVIXQv+uluYWctDmXCheGkGySdn==,ocid1.tenancy.oc1..KsFuiHnwlOUMnnPuXKypVAAWAWJMJKFqxhgv,2022-04-01T23:00Z,2022-04-02T00:00Z,NETWORK,,ocid1.tenancy.oc1..KsFuiHnwlOUMnnPuXKypVAAWAWJMJKFqxhgv,anthonyallen,ap-mumbai-1,aOrj:AP-MUMBAI-1-AD-1,ocid1.instance.oci.ap-mumbai-1.TErdujhxVrouHFiYuCRkOpZVOPLnOzhDYPW,,,,,true,V2.GxRNphylTJCiTYlHPgKftvlJvgVPTDOICJEUGqeVIXQv+CYDOQjeccIkKuohXoYeG==,default/anthonyallen@gmail.com,2022-04-02T00:30:01.000Z,true
V2.GxRNphylTJCiTYlHPgKftvlJvgVPTDOICJEUGqeVIXQv+pwTORTLUeeqBjTMdqtDG==,ocid1.tenancy.oc1..KsFuiHnwlOUMnnPuXKypVAAWAWJMJKFqxhgv,2022-04-02T00:00Z,2022-04-02T01:00Z,NETWORK,,ocid1.tenancy.oc1..KsFuiHnwlOUMnnPuXKypVAAWAWJMJKFqxhgv,anthonyallen,ap-mumbai-1,aOrj:AP-MUMBAI-1-AD-1,ocid1.instance.oci.ap-mumbai-1.TErdujhxVrouHFiYuCRkOpZVOPLnOzhDYPW,,,,,true,V2.GxRNphylTJCiTYlHPgKftvlJvgVPTDOICJEUGqeVIXQv+lZXvXpcWEBccQKAwJziX==,default/anthonyallen@gmail.com,2022-04-02T00:49:17.000Z,true
V2.GxRNphylTJCiTYlHPgKftvlJvgVPTDOICJEUGqeVIXQv+OSVZHnimDVoTlkosxDgO==,ocid1.tenancy.oc1..KsFuiHnwlOUMnnPuXKypVAAWAWJMJKFqxhgv,2022-04-02T01:00Z,2022-04-02T02:00Z,NETWORK,,ocid1.tenancy.oc1..KsFuiHnwlOUMnnPuXKypVAAWAWJMJKFqxhgv,anthonyallen,ap-mumbai-1,aOrj:AP-MUMBAI-1-AD-1,ocid1.instance.oci.ap-mumbai-1.TErdujhxVrouHFiYuCRkOpZVOPLnOzhDYPW,,,,,true,V2.GxRNphylTJCiTYlHPgKftvlJvgVPTDOICJEUGqeVIXQv+EVNhdzTSAtcAMkWYDzNE==,default/anthonyallen@gmail.com,2022-04-02T01:28:40.000Z,true
V2.GxRNphylTJCiTYlHPgKftvlJvgVPTDOICJEUGqeVIXQv+YbmFyuqLOvOliqrbTEwR==,ocid1.tenancy.oc1..KsFuiHnwlOUMnnPuXKypVAAWAWJMJKFqxhgv,2022-04-02T02:00Z,2022-04-02T03:00Z,NETWORK,,ocid1.tenancy.oc1..KsFuiHnwlOUMnnPuXKypVAAWAWJMJKFqxhgv,anthonyallen,ap-mumbai-1,aOrj:AP-MUMBAI-1-AD-1,ocid1.instance.oci.ap-mumbai-1.TErdujhxVrouHFiYuCRkOpZVOPLnOzhDYPW,,,,,true,V2.GxRNphylTJCiTYlHPgKftvlJvgVPTDOICJEUGqeVIXQv+avvSbheenUSLfEZeQRXz==,default/anthonyallen@gmail.com,2022-04-02T03:18:11.000Z,true
V2.GxRNphylTJCiTYlHPgKftvlJvgVPTDOICJEUGqeVIXQv+dseADvYFgMTBreQfJxNY==,ocid1.tenancy.oc1..KsFuiHnwlOUMnnPuXKypVAAWAWJMJKFqxhgv,2022-04-02T03:00Z,2022-04-02T04:00Z,NETWORK,,ocid1.tenancy.oc1..KsFuiHnwlOUMnnPuXKypVAAWAWJMJKFqxhgv,anthonyallen,ap-mumbai-1,aOrj:AP-MUMBAI-1-AD-1,ocid1.instance.oci.ap-mumbai-1.TErdujhxVrouHFiYuCRkOpZVOPLnOzhDYPW,,,,,true,V2.GxRNphylTJCiTYlHPgKftvlJvgVPTDOICJEUGqeVIXQv+gUTUWBBHlMihhZvkJObH==,default/anthonyallen@gmail.com,,true
V2.GxRNphylTJCiTYlHPgKftvlJvgVPTDOICJEUGqeVIXQv+IZTpbXQIdRBkdZfCkDbv==,ocid1.tenancy.oc1..KsFuiHnwlOUMnnPuXKypVAAWAWJMJKFqxhgv,2022-04-02T04:00Z,2022-04-02T05:00Z,NETWORK,,ocid1.tenancy.oc1..KsFuiHnwlOUMnnPuXKypVAAWAWJMJKFqxhgv,anthonyallen,ap-mumbai-1,aOrj:AP-MUMBAI-1-AD-1,ocid1.instance.oci.ap-mumbai-1.TErdujhxVrouHFiYuCRkOpZVOPLnOzhDYPW,,,,,true,V2.GxRNphylTJCiTYlHPgKftvlJvgVPTDOICJEUGqeVIXQv+ockWvAqSKmYtrJZgpQgS==,default/anthonyallen@gmail.com,,
V2.GxRNphylTJCiTYlHPgKftvlJvgVPTDOICJEUGqeVIXQv+ZZhhxBAiIVSVAqFSjolx==,ocid1.tenancy.oc1..KsFuiHnwlOUMnnPuXKypVAAWAWJMJKFqxhgv,2022-04-02T05:00Z,2022-04-02T06:00Z,NETWORK,,ocid1.tenancy.oc1..KsFuiHnwlOUMnnPuXKypVAAWAWJMJKFqxhgv,anthonyallen,ap-mumbai-1,aOrj:AP-MUMBAI-1-AD-1,ocid1.instance.oci.ap-mumbai-1.TErdujhxVrouHFiYuCRkOpZVOPLnOzhDYPW,,,,,true,V2.GxRNphylTJCiTYlHPgKftvlJvgVPTDOICJEUGqeVIXQv+snTaONfbYpJbDRjZThYL==,default/anthonyallen@gmail.com,2022-04-02T06:02:05.000Z,
V2.GxRNphylTJCiTYlHPgKftvlJvgVPTDOICJEUGqeVIXQv+WaKKoRCihUodIuJjRYGs==,ocid1.tenancy.oc1..KsFuiHnwlOUMnnPuXKypVAAWAWJMJKFqxhgv,2022-04-02T06:00Z,2022-04-02T07:00Z,NETWORK,,ocid1.tenancy.oc1..KsFuiHnwlOUMnnPuXKypVAAWAWJMJKFqxhgv,anthonyallen,ap-mumbai-1,aOrj:AP-MUMBAI-1-AD-1,ocid1.instance.oci.ap-mumbai-1.TErdujhxVrouHFiYuCRkOpZVOPLnOzhDYPW,,,,,true,V2.GxRNphylTJCiTYlHPgKftvlJvgVPTDOICJEUGqeVIXQv+upXwxKdoPbsvevabEWEt==,default/anthonyallen@gmail.com,,true
V2.GxRNphylTJCiTYlHPgKftvlJvgVPTDOICJEUGqeVIXQv+kEBvkAyRzRmgHTzDsSjR==,ocid1.tenancy.oc1..KsFuiHnwlOUMnnPuXKypVAAWAWJMJKFqxhgv,2022-04-02T07:00Z,2022-04-02T08:00Z,NETWORK,,ocid1.tenancy.oc1..KsFuiHnwlOUMnnPuXKypVAAWAWJMJKFqxhgv,anthonyallen,ap-mumbai-1,aOrj:AP-MUMBAI-1-AD-1,ocid1.instance.oci.ap-mumbai-1.TErdujhxVrouHFiYuCRkOpZVOPLnOzhDYPW,,,,,true,V2.GxRNphylTJCiTYlHPgKftvlJvgVPTDOICJEUGqeVIXQv+JKOGWfwbeXsjgCGjwArZ==,default/anthonyallen@gmail.com,,true
V2.GxRNphylTJCiTYlHPgKftvlJvgVPTDOICJEUGqeVIXQv+nljkIFXDwskgywuizcUC==,ocid1.tenancy.oc1..KsFuiHnwlOUMnnPuXKypVAAWAWJMJKFqxhgv,2022-04-02T08:00Z,2022-04-02T09:00Z,NETWORK,,ocid1.tenancy.oc1..KsFuiHnwlOUMnnPuXKypVAAWAWJMJKFqxhgv,anthonyallen,ap-mumbai-1,aOrj:AP-MUMBAI-1-AD-1,ocid1.instance.oci.ap-mumbai-1.TErdujhxVrouHFiYuCRkOpZVOPLnOzhDYPW,,,,,true,V2.GxRNphylTJCiTYlHPgKftvlJvgVPTDOICJEUGqeVIXQv+mjfCFsIyqdMsSGRPWXlr==,default/anthonyallen@gmail.com,2022-04-02T08:46:47.000Z,true
V2.GxRNphylTJCiTYlHPgKftvlJvgVPTDOICJEUGqeVIXQv+TQHonxfpcYhEcmWWRGyY==,ocid1.tenancy.oc1..KsFuiHnwlOUMnnPuXKypVAAWAWJMJKFqxhgv,2022-04-02T09:00Z,2022-04-02T10:00Z,NETWORK,,ocid1.tenancy.oc1..KsFuiHnwlOUMnnPuXKypVAAWAWJMJKFqxhgv,anthonyallen,ap-mumbai-1,aOrj:AP-MUMBAI-1-AD-1,ocid1.instance.oci.ap-mumbai-1.TErdujhxVrouHFiYuCRkOpZVOPLnOzhDYPW,,,,,true,V2.GxRNphylTJCiTYlHPgKftvlJvgVPTDOICJEUGqeVIXQv+asXnmCVQoluQnGuKsNQq==,default/anthonyallen@gmail.com,,
V2.GxRNphylTJCiTYlHPgKftvlJvgVPTDOICJEUGqeVIXQv+EhEhrIAGqLKToZfZhCvY==,ocid1.tenancy.oc1..KsFuiHnwlOUMnnPuXKypVAAWAWJMJKFqxhgv,2022-04-02T10:00Z,2022-04-02T11:00Z,NETWORK,,ocid1.tenancy.oc1..KsFuiHnwlOUMnnPuXKypVAAWAWJMJKFqxhgv,anthonyallen,ap-mumbai-1,aOrj:AP-MUMBAI-1-AD-1,ocid1.instance.oci.ap-mumbai-1.TErdujhxVrouHFiYuCRkOpZVOPLnOzhDYPW,,,,,true,V2.GxRNphylTJCiTYlHPgKftvlJvgVPTDOICJEUGqeVIXQv+fXQNQIgYHzGKwKrrWYCF==,default/anthonyallen@gmail.com,,true
V2.GxRNphylTJCiTYlHPgKftvlJvgVPTDOICJEUGqeVIXQv+UbqFGcKwmshcOZemDFTH==,ocid1.tenancy.oc1..KsFuiHnwlOUMnnPuXKypVAAWAWJMJKFqxhgv,2022-04-02T11:00Z,2022-04-02T12:00Z,NETWORK,,ocid1.tenancy.oc1..KsFuiHnwlOUMnnPuXKypVAAWAWJMJKFqxhgv,anthonyallen,ap-mumbai-1,aOrj:AP-MUMBAI-1-AD-1,ocid1.instance.oci.ap-mumbai-1.TErdujhxVrouHFiYuCRkOpZVOPLnOzhDYPW,,,,,true,V2.GxRNphylTJCiTYlHPgKftvlJvgVPTDOICJEUGqeVIXQv+QxFbjieeXyCmvncmcKHz==,default/anthonyallen@gmail.com,2022-04-02T11:28:37.000Z,true
V2.GxRNphylTJCiTYlHPgKftvlJvgVPTDOICJEUGqeVIXQv+woZQTYSmqKKIwXviOBUA==,ocid1.tenancy.oc1..KsFuiHnwlOUMnnPuXKypVAAWAWJMJKFqxhgv,2022-04-02T12:00Z,2022-04-02T13:00Z,NETWORK,,ocid1.tenancy.oc1..KsFuiHnwlOUMnnPuXKypVAAWAWJMJKFqxhgv,anthonyallen,ap-mumbai-1,aOrj:AP-MUMBAI-1-AD-1,ocid1.instance.oci.ap-mumbai-1.TErdujhxVrouHFiYuCRkOpZVOPLnOzhDYPW,,,,,true,V2.GxRNphylTJCiTYlHPgKftvlJvgVPTDOICJEUGqeVIXQv+ufDKARsckibKiBnPONYf==,default/anthonyallen@gmail.com,,true
V2.GxRNphylTJCiTYlHPgKftvlJvgVPTDOICJEUGqeVIXQv+gTodAdsEBggWxRgqUUFr==,ocid1.tenancy.oc1..KsFuiHnwlOUMnnPuXKypVAAWAWJMJKFqxhgv,2022-04-02T13:00Z,2022-04-02T14:00Z,NETWORK,,ocid1.tenancy.oc1..KsFuiHnwlOUMnnPuXKypVAAWAWJMJKFqxhgv,anthonyallen,ap-mumbai-1,aOrj:AP-MUMBAI-1-AD-1,ocid1.instance.oci.ap-mumbai-1.TErdujhxVrouHFiYuCRkOpZVOPLnOzhDYPW,,,,,true,V2.GxRNphylTJCiTYlHPgKftvlJvgVPTDOICJEUGqeVIXQv+YPymOzuQQKnFHUjKQxmU==,default/anthonyallen@gmail.com,2022-04-02T14:50:29.000Z,
V2.GxRNphylTJCiTYlHPgKftvlJvgVPTDOICJEUGqeVIXQv+xMtFciByKEBIxvGcyZlM==,ocid1.tenancy.oc1..KsFuiHnwlOUMnnPuXKypVAAWAWJMJKFqxhgv,2022-04-02T14:00Z,2022-04-02T15:00Z,NETWORK,,ocid1.tenancy.oc1..KsFuiHnwlOUMnnPuXKypVAAWAWJMJKFqxhgv,anthonyallen,ap-mumbai-1,aOrj:AP-MUMBAI-1-AD-1,ocid1.instance.oci.ap-mumbai-1.TErdujhxVrouHFiYuCRkOpZVOPLnOzhDYPW,,,,,true,V2.GxRNphylTJCiTYlHPgKftvlJvgVPTDOICJEUGqeVIXQv+zlhklkVganjlSsXvSIep==,default/anthonyallen@gmail.com,2022-04-02T14:27:41.000Z,
V2.GxRNphylTJCiTYlHPgKftvlJvgVPTDOICJEUGqeVIXQv+CgozmkSVUpwNtRCjyYHK==,ocid1.tenancy.oc1..KsFuiHnwlOUMnnPuXKypVAAWAWJMJKFqxhgv,2022-04-02T15:00Z,2022-04-02T16:00Z,NETWORK,,ocid1.tenancy.oc1..KsFuiHnwlOUMnnPuXKypVAAWAWJMJKFqxhgv,anthonyallen,ap-mumbai-1,aOrj:AP-MUMBAI-1-AD-1,ocid1.instance.oci.ap-mumbai-1.TErdujhxVrouHFiYuCRkOpZVOPLnOzhDYPW,,,,,true,V2.GxRNphylTJCiTYlHPgKftvlJvgVPTDOICJEUGqeVIXQv+YXVivcJrWpdRTsYlhVed==,default/anthonyallen@gmail.com,2022-04-02T16:18:03.000Z,true
V2.GxRNphylTJCiTYlHPgKftvlJvgVPTDOICJEUGqeVIXQv+owFBRrefzBYZCXBqqliQ==,ocid1.tenancy.oc1..KsFuiHnwlOUMnnPuXKypVAAWAWJMJKFqxhgv,2022-04-02T16:00Z,2022-04-02T17:00Z,NETWORK,,ocid1.tenancy.oc1..KsFuiHnwlOUMnnPuXKypVAAWAWJMJKFqxhgv,anthonyallen,ap-mumbai-1,aOrj:AP-MUMBAI-1-AD-1,ocid1.instance.oci.ap-mumbai-1.TErdujhxVrouHFiYuCRkOpZVOPLnOzhDYPW,,,,,true,V2.GxRNphylTJCiTYlHPgKftvlJvgVPTDOICJEUGqeVIXQv+FAuvXjuiBVLTltKemIbx==,default/anthonyallen@gmail.com,,
V2.GxRNphylTJCiTYlHPgKftvlJvgVPTDOICJEUGqeVIXQv+DGVQjzcihYvvSdfGvBDk==,ocid1.tenancy.oc1..KsFuiHnwlOUMnnPuXKypVAAWAWJMJKFqxhgv,2022-04-02T17:00Z,2022-04-02T18:00Z,NETWORK,,ocid1.tenancy.oc1..KsFuiHnwlOUMnnPuXKypVAAWAWJMJKFqxhgv,anthonyallen,ap-mumbai-1,aOrj:AP-MUMBAI-1-AD-1,ocid1.instance.oci.ap-mumbai-1.TErdujhxVrouHFiYuCRkOpZVOPLnOzhDYPW,,,,,true,V2.GxRNphylTJCiTYlHPgKftvlJvgVPTDOICJEUGqeVIXQv+QaYjhQMvPOumIZTRQfjy==,default/anthonyallen@gmail.com,2022-04-02T17:33:30.000Z,
V2.GxRNphylTJCiTYlHPgKftvlJvgVPTDOICJEUGqeVIXQv+SZqEssOvAMSkSCEFvpdd==,ocid1.tenancy.oc1..KsFuiHnwlOUMnnPuXKypVAAWAWJMJKFqxhgv,2022-04-02T18:00Z,2022-04-02T19:00Z,NETWORK,,ocid1.tenancy.oc1..KsFuiHnwlOUMnnPuXKypVAAWAWJMJKFqxhgv,anthonyallen,ap-mumbai-1,aOrj:AP-MUMBAI-1-AD-1,ocid1.instance.oci.ap-mumbai-1.TErdujhxVrouHFiYuCRkOpZVOPLnOzhDYPW,,,,,true,V2.GxRNphylTJCiTYlHPgKftvlJvgVPTDOICJEUGqeVIXQv+syWodsCclsCxzGjFekIQ==,default/anthonyallen@gmail.com,2022-04-02T18:42:37.000Z,true
V2.GxRNphylTJCiTYlHPgKftvlJvgVPTDOICJEUGqeVIXQv+XVuSGyDgwbFumjATEdkb==,ocid1.tenancy.oc1..KsFuiHnwlOUMnnPuXKypVAAWAWJMJKFqxhgv,2022-04-02T19:00Z,2022-04-02T20:00Z,NETWORK,,ocid1.tenancy.oc1..KsFuiHnwlOUMnnPuXKypVAAWAWJMJKFqxhgv,anthonyallen,ap-mumbai-1,aOrj:AP-MUMBAI-1-AD-1,ocid1.instance.oci.ap-mumbai-1.TErdujhxVrouHFiYuCRkOpZVOPLnOzhDYPW,,,,,true,V2.GxRNphylTJCiTYlHPgKftvlJvgVPTDOICJEUGqeVIXQv+SjfEwvkJBAlZUuExJfew==,default/anthonyallen@gmail.com,,
V2.GxRNphylTJCiTYlHPgKftvlJvgVPTDOICJEUGqeVIXQv+VjhTzcWXRYomlpoFVlJC==,ocid1.tenancy.oc1..KsFuiHnwlOUMnnPuXKypVAAWAWJMJKFqxhgv,2022-04-02T20:00Z,2022-04-02T21:00Z,NETWORK,,ocid1.tenancy.oc1..KsFuiHnwlOUMnnPuXKypVAAWAWJMJKFqxhgv,anthonyallen,ap-mumbai-1,aOrj:AP-MUMBAI-1-AD-1,ocid1.instance.oci.ap-mumbai-1.TErdujhxVrouHFiYuCRkOpZVOPLnOzhDYPW,,,,,true,V2.GxRNphylTJCiTYlHPgKftvlJvgVPTDOICJEUGqeVIXQv+bTqQsMMDGjKuHeMjgIuB==,default/anthonyallen@gmail.com,2022-04-02T20:38:09.000Z,
V2.GxRNphylTJCiTYlHPgKftvlJvgVPTDOICJEUGqeVIXQv+vAXNoJQstdvpvgumXklG==,ocid1.tenancy.oc1..KsFuiHnwlOUMnnPuXKypVAAWAWJMJKFqxhgv,2022-04-02T21:00Z,2022-04-02T22:00Z,NETWORK,,ocid1.tenancy.oc1..KsFuiHnwlOUMnnPuXKypVAAWAWJMJKFqxhgv,anthonyallen,ap-mumbai-1,aOrj:AP-MUMBAI-1-AD-1,ocid1.instance.oci.ap-mumbai-1.TErdujhxVrouHFiYuCRkOpZVOPLnOzhDYPW,,,,,true,V2.GxRNphylTJCiTYlHPgKftvlJvgVPTDOICJEUGqeVIXQv+bkjFdbZFOUytOFYRAFXL==,default/anthonyallen@gmail.com,2022-04-02T21:49:12.000Z,true
V2.GxRNphylTJCiTYlHPgKftvlJvgVPTDOICJEUGqeVIXQv+VQbkTcxbLInCpoyNqsVy==,ocid1.tenancy.oc1..KsFuiHnwlOUMnnPuXKypVAAWAWJMJKFqxhgv,2022-04-02T22:00Z,2022-04-02T23:00Z,NETWORK,,ocid1.tenancy.oc1..KsFuiHnwlOUMnnPuXKypVAAWAWJMJKFqxhgv,anthonyallen,ap-mumbai-1,aOrj:AP-MUMBAI-1-AD-1,ocid1.instance.oci.ap-mumbai-1.TErdujhxVrouHFiYuCRkOpZVOPLnOzhDYPW,,,,,true,V2.GxRNphylTJCiTYlHPgKftvlJvgVPTDOICJEUGqeVIXQv+IhUSfrwgtZCWjDVBRRLF==,default/anthonyallen@gmail.com,,true
V2.GxRNphylTJCiTYlHPgKftvlJvgVPTDOICJEUGqeVIXQv+bqKngvKkyCIiZTlTruWH==,ocid1.tenancy.oc1..KsFuiHnwlOUMnnPuXKypVAAWAWJMJKFqxhgv,2022-04-02T23:00Z,2022-04-03T00:00Z,NETWORK,,ocid1.tenancy.oc1..KsFuiHnwlOUMnnPuXKypVAAWAWJMJKFqxhgv,anthonyallen,ap-mumbai-1,aOrj:AP-MUMBAI-1-AD-1,ocid1.instance.oci.ap-mumbai-1.TErdujhxVrouHFiYuCRkOpZVOPLnOzhDYPW,,,,,true,V2.GxRNphylTJCiTYlHPgKftvlJvgVPTDOICJEUGqeVIXQv+goJPxCrbdkFTfFLkUDwa==,default/anthonyallen@gmail.com,2022-04-03T00:30:32.000Z,true
V2.GxRNphylTJCiTYlHPgKftvlJvgVPTDOICJEUGqeVIXQv+fZPTsOTaKNvQmBMqaYeA==,ocid1.tenancy.oc1..KsFuiHnwlOUMnnPuXKypVAAWAWJMJKFqxhgv,2022-04-03T00:00Z,2022-04-03T01:00Z,NETWORK,,ocid1.tenancy.oc1..KsFuiHnwlOUMnnPuXKypVAAWAWJMJKFqxhgv,anthonyallen,ap-mumbai-1,aOrj:AP-MUMBAI-1-AD-1,ocid1.instance.oci.ap-mumbai-1.TErdujhxVrouHFiYuCRkOpZVOPLnOzhDYPW,,,,,true,V2.GxRNphylTJCiTYlHPgKftvlJvgVPTDOICJEUGqeVIXQv+yoaDrcdmndTfDwJHKlKh==,default/anthonyallen@gmail.com,2022-04-03T01:36:25.000Z,
V2.GxRNphylTJCiTYlHPgKftvlJvgVPTDOICJEUGqeVIXQv+QBFShyUadaWIucTHFQyW==,ocid1.tenancy.oc1..KsFuiHnwlOUMnnPuXKypVAAWAWJMJKFqxhgv,2022-04-03T01:00Z,2022-04-03T02:00Z,NETWORK,,ocid1.tenancy.oc1..KsFuiHnwlOUMnnPuXKypVAAWAWJMJKFqxhgv,anthonyallen,ap-mumbai-1,aOrj:AP-MUMBAI-1-AD-1,ocid1.instance.oci.ap-mumbai-1.TErdujhxVrouHFiYuCRkOpZVOPLnOzhDYPW,,,,,true,V2.GxRNphylTJCiTYlHPgKftvlJvgVPTDOICJEUGqeVIXQv+jnnpIRbKnDriNLEdnhUG==,default/anthonyallen@gmail.com,2022-04-03T01:22:29.000Z,true
V2.GxRNphylTJCiTYlHPgKftvlJvgVPTDOICJEUGqeVIXQv+duDsmrJSzRJPYgYQYdVX==,ocid1.tenancy.oc1..KsFuiHnwlOUMnnPuXKypVAAWAWJMJKFqxhgv,2022-04-03T02:00Z,2022-04-03T03:00Z,NETWORK,,ocid1.tenancy.oc1..KsFuiHnwlOUMnnPuXKypVAAWAWJMJKFqxhgv,anthonyallen,ap-mumbai-1,aOrj:AP-MUMBAI-1-AD-1,ocid1.instance.oci.ap-mumbai-1.TErdujhxVrouHFiYuCRkOpZVOPLnOzhDYPW,,,,,true,V2.GxRNphylTJCiTYlHPgKftvlJvgVPTDOICJEUGqeVIXQv+fZxCVwvpAauPMvlPLjbY==,default/anthonyallen@gmail.com,2022-04-03T03:37:08.000Z,
V2.GxRNphylTJCiTYlHPgKftvlJvgVPTDOICJEUGqeVIXQv+QHJpxCTFAqHPadSkDHJr==,ocid1.tenancy.oc1..KsFuiHnwlOUMnnPuXKypVAAWAWJMJKFqxhgv,2022-04-03T03:00Z,2022-04-03T04:00Z,NETWORK,,ocid1.tenancy.oc1..KsFuiHnwlOUMnnPuXKypVAAWAWJMJKFqxhgv,anthonyallen,ap-mumbai-1,aOrj:AP-MUMBAI-1-AD-1,ocid1.instance.oci.ap-mumbai-1.TErdujhxVrouHFiYuCRkOpZVOPLnOzhDYPW,,,,,true,V2.GxRNphylTJCiTYlHPgKftvlJvgVPTDOICJEUGqeVIXQv+pHNxWeLyxhCcKeDHnZZb==,default/anthonyallen@gmail.com,2022-04-03T03:45:18.000Z,
V2.GxRNphylTJCiTYlHPgKftvlJvgVPTDOICJEUGqeVIXQv+SOjvYhSzbtnOVdjsdYfb==,ocid1.tenancy.oc1..KsFuiHnwlOUMnnPuXKypVAAWAWJMJKFqxhgv,2022-04-03T04:00Z,2022-04-03T05:00Z,NETWORK,,ocid1.tenancy.oc1..KsFuiHnwlOUMnnPuXKypVAAWAWJMJKFqxhgv,anthonyallen,ap-mumbai-1,aOrj:AP-MUMBAI-1-AD-1,ocid1.instance.oci.ap-mumbai-1.TErdujhxVrouHFiYuCRkOpZVOPLnOzhDYPW,,,,,true,V2.GxRNphylTJCiTYlHPgKftvlJvgVPTDOICJEUGqeVIXQv+jOBAcSHEhedErpbfLVlX==,default/anthonyallen@gmail.com,,
V2.GxRNphylTJCiTYlHPgKftvlJvgVPTDOICJEUGqeVIXQv+SlwMWbkCjpqiKlCGRjaH==,ocid1.tenancy.oc1..KsFuiHnwlOUMnnPuXKypVAAWAWJMJKFqxhgv,2022-04-03T05:00Z,2022-04-03T06:00Z,NETWORK,,ocid1.tenancy.oc1..KsFuiHnwlOUMnnPuXKypVAAWAWJMJKFqxhgv,anthonyallen,ap-mumbai-1,aOrj:AP-MUMBAI-1-AD-1,ocid1.instance.oci.ap-mumbai-1.TErdujhxVrouHFiYuCRkOpZVOPLnOzhDYPW,,,,,true,V2.GxRNphylTJCiTYlHPgKftvlJvgVPTDOICJEUGqeVIXQv+fFVLRIBGOIEZkbscvPxA==,default/anthonyallen@gmail.com,,true
V2.GxRNphylTJCiTYlHPgKftvlJvgVPTDOICJEUGqeVIXQv+WSrmaPhgLNFYkPDhRMqA==,ocid1.tenancy.oc1..KsFuiHnwlOUMnnPuXKypVAAWAWJMJKFqxhgv,2022-04-03T06:00Z,2022-04-03T07:00Z,NETWORK,,ocid1.tenancy.oc1..KsFuiHnwlOUMnnPuXKypVAAWAWJMJKFqxhgv,anthonyallen,ap-mumbai-1,aOrj:AP-MUMBAI-1-AD-1,ocid1.instance.oci.ap-mumbai-1.TErdujhxVrouHFiYuCRkOpZVOPLnOzhDYPW,,,,,true,V2.GxRNphylTJCiTYlHPgKftvlJvgVPTDOICJEUGqeVIXQv+pXhuyPzrOwtEbcnxlxhr==,default/anthonyallen@gmail.com,2022-04-03T07:29:33.000Z,true
V2.GxRNphylTJCiTYlHPgKftvlJvgVPTDOICJEUGqeVIXQv+WhkMcmUevpHOWrtaueCu==,ocid1.tenancy.oc1..KsFuiHnwlOUMnnPuXKypVAAWAWJMJKFqxhgv,2022-04-03T07:00Z,2022-04-03T08:00Z,NETWORK,,ocid1.tenancy.oc1..KsFuiHnwlOUMnnPuXKypVAAWAWJMJKFqxhgv,anthonyallen,ap-mumbai-1,aOrj:AP-MUMBAI-1-AD-1,ocid1.instance.oci.ap-mumbai-1.TErdujhxVrouHFiYuCRkOpZVOPLnOzhDYPW,,,,,true,V2.GxRNphylTJCiTYlHPgKftvlJvgVPTDOICJEUGqeVIXQv+YxKaJHJgvSrqTQBXUtDk==,default/anthonyallen@gmail.com,2022-04-03T07:29:11.000Z,
V2.GxRNphylTJCiTYlHPgKftvlJvgVPTDOICJEUGqeVIXQv+foiIwjitvSlJsxJKmDET==,ocid1.tenancy.oc1..KsFuiHnwlOUMnnPuXKypVAAWAWJMJKFqxhgv,2022-04-03T08:00Z,2022-04-03T09:00Z,NETWORK,,ocid1.tenancy.oc1..KsFuiHnwlOUMnnPuXKypVAAWAWJMJKFqxhgv,anthonyallen,ap-mumbai-1,aOrj:AP-MUMBAI-1-AD-1,ocid1.instance.oci.ap-mumbai-1.TErdujhxVrouHFiYuCRkOpZVOPLnOzhDYPW,,,,,true,V2.GxRNphylTJCiTYlHPgKftvlJvgVPTDOICJEUGqeVIXQv+ExXMhrBVbEAEewulsNLC==,default/anthonyallen@gmail.com,2022-04-03T09:23:12.000Z,true
V2.GxRNphylTJCiTYlHPgKftvlJvgVPTDOICJEUGqeVIXQv+IXgEkMIHLOIKoPCwcGaN==,ocid1.tenancy.oc1..KsFuiHnwlOUMnnPuXKypVAAWAWJMJKFqxhgv,2022-04-03T09:00Z,2022-04-03T10:00Z,NETWORK,,ocid1.tenancy.oc1..KsFuiHnwlOUMnnPuXKypVAAWAWJMJKFqxhgv,anthonyallen,ap-mumbai-1,aOrj:AP-MUMBAI-1-AD-1,ocid1.instance.oci.ap-mumbai-1.TErdujhxVrouHFiYuCRkOpZVOPLnOzhDYPW,,,,,true,V2.GxRNphylTJCiTYlHPgKftvlJvgVPTDOICJEUGqeVIXQv+lIgwuIiQbKfAWMokEXCJ==,default/anthonyallen@gmail.com,,
V2.GxRNphylTJCiTYlHPgKftvlJvgVPTDOICJEUGqeVIXQv+lpnnoNKcijpqFbnJeyOI==,ocid1.tenancy.oc1..KsFuiHnwlOUMnnPuXKypVAAWAWJMJKFqxhgv,2022-04-03T10:00Z,2022-04-03T11:00Z,NETWORK,,ocid1.tenancy.oc1..KsFuiHnwlOUMnnPuXKypVAAWAWJMJKFqxhgv,anthonyallen,ap-mumbai-1,aOrj:AP-MUMBAI-1-AD-1,ocid1.instance.oci.ap-mumbai-1.TErdujhxVrouHFiYuCRkOpZVOPLnOzhDYPW,,,,,true,V2.GxRNphylTJCiTYlHPgKftvlJvgVPTDOICJEUGqeVIXQv+kkCOsEvhAXHXkRpFDrBd==,default/anthonyallen@gmail.com,2022-04-03T10:49:43.000Z,true
V2.GxRNphylTJCiTYlHPgKftvlJvgVPTDOICJEUGqeVIXQv+DThDuGtRzmmqwCKkdznv==,ocid1.tenancy.oc1..KsFuiHnwlOUMnnPuXKypVAAWAWJMJKFqxhgv,2022-04-03T11:00Z,2022-04-03T12:00Z,NETWORK,,ocid1.tenancy.oc1..KsFuiHnwlOUMnnPuXKypVAAWAWJMJKFqxhgv,anthonyallen,ap-mumbai-1,aOrj:AP-MUMBAI-1-AD-1,ocid1.instance.oci.ap-mumbai-1.TErdujhxVrouHFiYuCRkOpZVOPLnOzhDYPW,,,,,true,V2.GxRNphylTJCiTYlHPgKftvlJvgVPTDOICJEUGqeVIXQv+QtlHZZTqDYxSRWjIIucZ==,default/anthonyallen@gmail.com,2022-04-03T12:42:31.000Z,
V2.GxRNphylTJCiTYlHPgKftvlJvgVPTDOICJEUGqeVIXQv+vueudoPBEnyREoPWxnVm==,ocid1.tenancy.oc1..KsFuiHnwlOUMnnPuXKypVAAWAWJMJKFqxhgv,2022-04-03T12:00Z,2022-04-03T13:00Z,NETWORK,,ocid1.tenancy.oc1..KsFuiHnwlOUMnnPuXKypVAAWAWJMJKFqxhgv,anthonyallen,ap-mumbai-1,aOrj:AP-MUMBAI-1-AD-1,ocid1.instance.oci.ap-mumbai-1.TErdujhxVrouHFiYuCRkOpZVOPLnOzhDYPW,,,,,true,V2.GxRNphylTJCiTYlHPgKftvlJvgVPTDOICJEUGqeVIXQv+QXHhOnKWCDJZYuZomvKP==,default/anthonyallen@gmail.com,2022-04-03T13:16:48.000Z,true
V2.GxRNphylTJCiTYlHPgKftvlJvgVPTDOICJEUGqeVIXQv+thUdZBOjnxnzLpAJaoXa==,ocid1.tenancy.oc1..KsFuiHnwlOUMnnPuXKypVAAWAWJMJKFqxhgv,2022-04-03T13:00Z,2022-04-03T14:00Z,NETWORK,,ocid1.tenancy.oc1..KsFuiHnwlOUMnnPuXKypVAAWAWJMJKFqxhgv,anthonyallen,ap-mumbai-1,aOrj:AP-MUMBAI-1-AD-1,ocid1.instance.oci.ap-mumbai-1.TErdujhxVrouHFiYuCRkOpZVOPLnOzhDYPW,,,,,true,V2.GxRNphylTJCiTYlHPgKftvlJvgVPTDOICJEUGqeVIXQv+EzcZHXYYeleKtkpqIyDY==,default/anthonyallen@gmail.com,2022-04-03T13:38:02.000Z,true
V2.GxRNphylTJCiTYlHPgKftvlJvgVPTDOICJEUGqeVIXQv+kdMnbIswULSzIdkmJdlS==,ocid1.tenancy.oc1..KsFuiHnwlOUMnnPuXKypVAAWAWJMJKFqxhgv,2022-04-03T14:00Z,2022-04-03T15:00Z,NETWORK,,ocid1.tenancy.oc1..KsFuiHnwlOUMnnPuXKypVAAWAWJMJKFqxhgv,anthonyallen,ap-mumbai-1,aOrj:AP-MUMBAI-1-AD-1,ocid1.instance.oci.ap-mumbai-1.TErdujhxVrouHFiYuCRkOpZVOPLnOzhDYPW,,,,,true,V2.GxRNphylTJCiTYlHPgKftvlJvgVPTDOICJEUGqeVIXQv+KOEehPQEJmAurHAvXTxl==,default/anthonyallen@gmail.com,2022-04-03T14:15:30.000Z,
V2.GxRNphylTJCiTYlHPgKftvlJvgVPTDOICJEUGqeVIXQv+RyPLAYJRmyiLkaElLjPK==,ocid1.tenancy.oc1..KsFuiHnwlOUMnnPuXKypVAAWAWJMJKFqxhgv,2022-04-03T15:00Z,2022-04-03T16:00Z,NETWORK,,ocid1.tenancy.oc1..KsFuiHnwlOUMnnPuXKypVAAWAWJMJKFqxhgv,anthonyallen,ap-mumbai-1,aOrj:AP-MUMBAI-1-AD-1,ocid1.instance.oci.ap-mumbai-1.TErdujhxVrouHFiYuCRkOpZVOPLnOzhDYPW,,,,,true,V2.GxRNphylTJCiTYlHPgKftvlJvgVPTDOICJEUGqeVIXQv+GfGDoiIqbTDQsAKpgZye==,default/anthonyallen@gmail.com,2022-04-03T15:40:32.000Z,
V2.GxRNphylTJCiTYlHPgKftvlJvgVPTDOICJEUGqeVIXQv+zYEzMBWDcdcubArYYNrK==,ocid1.tenancy.oc1..KsFuiHnwlOUMnnPuXKypVAAWAWJMJKFqxhgv,2022-04-03T16:00Z,2022-04-03T17:00Z,NETWORK,,ocid1.tenancy.oc1..KsFuiHnwlOUMnnPuXKypVAAWAWJMJKFqxhgv,anthonyallen,ap-mumbai-1,aOrj:AP-MUMBAI-1-AD-1,ocid1.instance.oci.ap-mumbai-1.TErdujhxVrouHFiYuCRkOpZVOPLnOzhDYPW,,,,,true,V2.GxRNphylTJCiTYlHPgKftvlJvgVPTDOICJEUGqeVIXQv+LRiTBKAzFmaiwqaVsABz==,default/anthonyallen@gmail.com,2022-04-03T16:07:45.000Z,
V2.GxRNphylTJCiTYlHPgKftvlJvgVPTDOICJEUGqeVIXQv+wuMbaiPJmfcrJLDpARgN==,ocid1.tenancy.oc1..KsFuiHnwlOUMnnPuXKypVAAWAWJMJKFqxhgv,2022-04-03T17:00Z,2022-04-03T18:00Z,NETWORK,,ocid1.tenancy.oc1..KsFuiHnwlOUMnnPuXKypVAAWAWJMJKFqxhgv,anthonyallen,ap-mumbai-1,aOrj:AP-MUMBAI-1-AD-1,ocid1.instance.oci.ap-mumbai-1.TErdujhxVrouHFiYuCRkOpZVOPLnOzhDYPW,,,,,true,V2.GxRNphylTJCiTYlHPgKftvlJvgVPTDOICJEUGqeVIXQv+jIROxqupaMnGQVIGMWPq==,default/anthonyallen@gmail.com,,true
V2.GxRNphylTJCiTYlHPgKftvlJvgVPTDOICJEUGqeVIXQv+KwufwZAGoPXWSNMyZvzf==,ocid1.tenancy.oc1..KsFuiHnwlOUMnnPuXKypVAAWAWJMJKFqxhgv,2022-04-03T18:00Z,2022-04-03T19:00Z,NETWORK,,ocid1.tenancy.oc1..KsFuiHnwlOUMnnPuXKypVAAWAWJMJKFqxhgv,anthonyallen,ap-mumbai-1,aOrj:AP-MUMBAI-1-AD-1,ocid1.instance.oci.ap-mumbai-1.TErdujhxVrouHFiYuCRkOpZVOPLnOzhDYPW,,,,,true,V2.GxRNphylTJCiTYlHPgKftvlJvgVPTDOICJEUGqeVIXQv+plLJdvHvoHuLZAuVXDOH==,default/anthonyallen@gmail.com,2022-04-03T19:37:01.000Z,true
V2.GxRNphylTJCiTYlHPgKftvlJvgVPTDOICJEUGqeVIXQv+pnKXuXDnydpNMOlqpHbV==,ocid1.tenancy.oc1..KsFuiHnwlOUMnnPuXKypVAAWAWJMJKFqxhgv,2022-04-03T19:00Z,2022-04-03T20:00Z,NETWORK,,ocid1.tenancy.oc1..KsFuiHnwlOUMnnPuXKypVAAWAWJMJKFqxhgv,anthonyallen,ap-mumbai-1,aOrj:AP-MUMBAI-1-AD-1,ocid1.instance.oci.ap-mumbai-1.TErdujhxVrouHFiYuCRkOpZVOPLnOzhDYPW,,,,,true,V2.GxRNphylTJCiTYlHPgKftvlJvgVPTDOICJEUGqeVIXQv+lDJmpiucwDpRatbPhYsC==,default/anthonyallen@gmail.com,2022-04-03T20:02:27.000Z,true
V2.GxRNphylTJCiTYlHPgKftvlJvgVPTDOICJEUGqeVIXQv+oTKKOFyqTdfGjPiLDpHL==,ocid1.tenancy.oc1..KsFuiHnwlOUMnnPuXKypVAAWAWJMJKFqxhgv,2022-04-03T20:00Z,2022-04-03T21:00Z,NETWORK,,ocid1.tenancy.oc1..KsFuiHnwlOUMnnPuXKypVAAWAWJMJKFqxhgv,anthonyallen,ap-mumbai-1,aOrj:AP-MUMBAI-1-AD-1,ocid1.instance.oci.ap-mumbai-1.TErdujhxVrouHFiYuCRkOpZVOPLnOzhDYPW,,,,,true,V2.GxRNphylTJCiTYlHPgKftvlJvgVPTDOICJEUGqeVIXQv+kEipRKdpUUKPKueoClSz==,default/anthonyallen@gmail.com,2022-04-03T20:26:35.000Z,true
V2.GxRNphylTJCiTYlHPgKftvlJvgVPTDOICJEUGqeVIXQv+keggAjXImPqFiSuFribX==,ocid1.tenancy.oc1..KsFuiHnwlOUMnnPuXKypVAAWAWJMJKFqxhgv,2022-04-03T21:00Z,2022-04-03T22:00Z,NETWORK,,ocid1.tenancy.oc1..KsFuiHnwlOUMnnPuXKypVAAWAWJMJKFqxhgv,anthonyallen,ap-mumbai-1,aOrj:AP-MUMBAI-1-AD-1,ocid1.instance.oci.ap-mumbai-1.TErdujhxVrouHFiYuCRkOpZVOPLnOzhDYPW,,,,,true,V2.GxRNphylTJCiTYlHPgKftvlJvgVPTDOICJEUGqeVIXQv+owJbSSyZdNtQPjMqUVQV==,default/anthonyallen@gmail.com,,
V2.GxRNphylTJCiTYlHPgKftvlJvgVPTDOICJEUGqeVIXQv+MrSxhArGOfOJoZNfTtxC==,ocid1.tenancy.oc1..KsFuiHnwlOUMnnPuXKypVAAWAWJMJKFqxhgv,2022-04-03T22:00Z,2022-04-03T23:00Z,NETWORK,,ocid1.tenancy.oc1..KsFuiHnwlOUMnnPuXKypVAAWAWJMJKFqxhgv,anthonyallen,ap-mumbai-1,aOrj:AP-MUMBAI-1-AD-1,ocid1.instance.oci.ap-mumbai-1.TErdujhxVrouHFiYuCRkOpZVOPLnOzhDYPW,,,,,true,V2.GxRNphylTJCiTYlHPgKftvlJvgVPTDOICJEUGqeVIXQv+BHDJwRcjjWiQIxgBirUX==,default/anthonyallen@gmail.com,,
V2.GxRNphylTJCiTYlHPgKftvlJvgVPTDOICJEUGqeVIXQv+fPybDvVDnQsizOxPFGYz==,ocid1.tenancy.oc1..KsFuiHnwlOUMnnPuXKypVAAWAWJMJKFqxhgv,2022-04-03T23:00Z,2022-04-04T00:00Z,NETWORK,,ocid1.tenancy.oc1..KsFuiHnwlOUMnnPuXKypVAAWAWJMJKFqxhgv,anthonyallen,ap-mumbai-1,aOrj:AP-MUMBAI-1-AD-1,ocid1.instance.oci.ap-mumbai-1.TErdujhxVrouHFiYuCRkOpZVOPLnOzhDYPW,,,,,true,V2.GxRNphylTJCiTYlHPgKftvlJvgVPTDOICJEUGqeVIXQv+tvAEdnwWQnOWsVwiSzxs==,default/anthonyallen@gmail.com,,true
V2.GxRNphylTJCiTYlHPgKftvlJvgVPTDOICJEUGqeVIXQv+dPeERXpXpScHZbFCPzCZ==,ocid1.tenancy.oc1..KsFuiHnwlOUMnnPuXKypVAAWAWJMJKFqxhgv,2022-04-04T00:00Z,2022-04-04T01:00Z,NETWORK,,ocid1.tenancy.oc1..KsFuiHnwlOUMnnPuXKypVAAWAWJMJKFqxhgv,anthonyallen,ap-mumbai-1,aOrj:AP-MUMBAI-1-AD-1,ocid1.instance.oci.ap-mumbai-1.TErdujhxVrouHFiYuCRkOpZVOPLnOzhDYPW,,,,,true,V2.GxRNphylTJCiTYlHPgKftvlJvgVPTDOICJEUGqeVIXQv+VWKeOVMjObzfKbuJiOvd==,default/anthonyallen@gmail.com,2022-04-04T01:24:46.000Z,
V2.GxRNphylTJCiTYlHPgKftvlJvgVPTDOICJEUGqeVIXQv+bmZaWiUPtJTnoxMfGltQ==,ocid1.tenancy.oc1..KsFuiHnwlOUMnnPuXKypVAAWAWJMJKFqxhgv,2022-04-04T01:00Z,2022-04-04T02:00Z,NETWORK,,ocid1.tenancy.oc1..KsFuiHnwlOUMnnPuXKypVAAWAWJMJKFqxhgv,anthonyallen,ap-mumbai-1,aOrj:AP-MUMBAI-1-AD-1,ocid1.instance.oci.ap-mumbai-1.TErdujhxVrouHFiYuCRkOpZVOPLnOzhDYPW,,,,,true,V2.GxRNphylTJCiTYlHPgKftvlJvgVPTDOICJEUGqeVIXQv+iIOMKKSsyXJpZEpHhgKf==,default/anthonyallen@gmail.com,2022-04-04T02:50:34.000Z,
V2.GxRNphylTJCiTYlHPgKftvlJvgVPTDOICJEUGqeVIXQv+EeglGsuexilwjMcRfZzI==,ocid1.tenancy.oc1..KsFuiHnwlOUMnnPuXKypVAAWAWJMJKFqxhgv,2022-04-04T02:00Z,2022-04-04T03:00Z,NETWORK,,ocid1.tenancy.oc1..KsFuiHnwlOUMnnPuXKypVAAWAWJMJKFqxhgv,anthonyallen,ap-mumbai-1,aOrj:AP-MUMBAI-1-AD-1,ocid1.instance.oci.ap-mumbai-1.TErdujhxVrouHFiYuCRkOpZVOPLnOzhDYPW,,,,,true,V2.GxRNphylTJCiTYlHPgKftvlJvgVPTDOICJEUGqeVIXQv+luyRHgryOupGmmLvKrTt==,default/anthonyallen@gmail.com,,
V2.GxRNphylTJCiTYlHPgKftvlJvgVPTDOICJEUGqeVIXQv+sYAvWYNlbRRyfbuTrdte==,ocid1.tenancy.oc1..KsFuiHnwlOUMnnPuXKypVAAWAWJMJKFqxhgv,2022-04-04T03:00Z,2022-04-04T04:00Z,NETWORK,,ocid1.tenancy.oc1..KsFuiHnwlOUMnnPuXKypVAAWAWJMJKFqxhgv,anthonyallen,ap-mumbai-1,aOrj:AP-MUMBAI-1-AD-1,ocid1.instance.oci.ap-mumbai-1.TErdujhxVrouHFiYuCRkOpZVOPLnOzhDYPW,,,,,true,V2.GxRNphylTJCiTYlHPgKftvlJvgVPTDOICJEUGqeVIXQv+AyBJbDKrgirPlsJAEKme==,default/anthonyallen@gmail.com,2022-04-04T04:36:39.000Z,
V2.GxRNphylTJCiTYlHPgKftvlJvgVPTDOICJEUGqeVIXQv+OEBjdygGJYkRjWPvDWtl==,ocid1.tenancy.oc1..KsFuiHnwlOUMnnPuXKypVAAWAWJMJKFqxhgv,2022-04-04T04:00Z,2022-04-04T05:00Z,NETWORK,,ocid1.tenancy.oc1..KsFuiHnwlOUMnnPuXKypVAAWAWJMJKFqxhgv,anthonyallen,ap-mumbai-1,aOrj:AP-MUMBAI-1-AD-1,ocid1.instance.oci.ap-mumbai-1.TErdujhxVrouHFiYuCRkOpZVOPLnOzhDYPW,,,,,true,V2.GxRNphylTJCiTYlHPgKftvlJvgVPTDOICJEUGqeVIXQv+yjIszEIXZBEmirbllxla==,default/anthonyallen@gmail.com,2022-04-04T05:35:05.000Z,
V2.GxRNphylTJCiTYlHPgKftvlJvgVPTDOICJEUGqeVIXQv+avMyTvPEleDbQjTIafWh==,ocid1.tenancy.oc1..KsFuiHnwlOUMnnPuXKypVAAWAWJMJKFqxhgv,2022-04-04T05:00Z,2022-04-04T06:00Z,NETWORK,,ocid1.tenancy.oc1..KsFuiHnwlOUMnnPuXKypVAAWAWJMJKFqxhgv,anthonyallen,ap-mumbai-1,aOrj:AP-MUMBAI-1-AD-1,ocid1.instance.oci.ap-mumbai-1.TErdujhxVrouHFiYuCRkOpZVOPLnOzhDYPW,,,,,true,V2.GxRNphylTJCiTYlHPgKftvlJvgVPTDOICJEUGqeVIXQv+WhlAkCORceKWqEmYqkzh==,default/anthonyallen@gmail.com,,
V2.GxRNphylTJCiTYlHPgKftvlJvgVPTDOICJEUGqeVIXQv+KmeXlHrgOORWvOWCDeLk==,ocid1.tenancy.oc1..KsFuiHnwlOUMnnPuXKypVAAWAWJMJKFqxhgv,2022-04-04T06:00Z,2022-04-04T07:00Z,NETWORK,,ocid1.tenancy.oc1..KsFuiHnwlOUMnnPuXKypVAAWAWJMJKFqxhgv,anthonyallen,ap-mumbai-1,aOrj:AP-MUMBAI-1-AD-1,ocid1.instance.oci.ap-mumbai-1.TErdujhxVrouHFiYuCRkOpZVOPLnOzhDYPW,,,,,true,V2.GxRNphylTJCiTYlHPgKftvlJvgVPTDOICJEUGqeVIXQv+fJemEToKYFMtUcmYsWVB==,default/anthonyallen@gmail.com,2022-04-04T07:04:23.000Z,
V2.GxRNphylTJCiTYlHPgKftvlJvgVPTDOICJEUGqeVIXQv+whAisMOWWiQlhuZpNTsu==,ocid1.tenancy.oc1..KsFuiHnwlOUMnnPuXKypVAAWAWJMJKFqxhgv,2022-04-04T07:00Z,2022-04-04T08:00Z,NETWORK,,ocid1.tenancy.oc1..KsFuiHnwlOUMnnPuXKypVAAWAWJMJKFqxhgv,anthonyallen,ap-mumbai-1,aOrj:AP-MUMBAI-1-AD-1,ocid1.instance.oci.ap-mumbai-1.TErdujhxVrouHFiYuCRkOpZVOPLnOzhDYPW,,,,,true,V2.GxRNphylTJCiTYlHPgKftvlJvgVPTDOICJEUGqeVIXQv+KAnSJBzPYkDxqoFvKLkE==,default/anthonyallen@gmail.com,,
V2.GxRNphylTJCiTYlHPgKftvlJvgVPTDOICJEUGqeVIXQv+sHqaYDMdVJoXwniymoHh==,ocid1.tenancy.oc1..KsFuiHnwlOUMnnPuXKypVAAWAWJMJKFqxhgv,2022-04-04T08:00Z,2022-04-04T09:00Z,NETWORK,,ocid1.tenancy.oc1..KsFuiHnwlOUMnnPuXKypVAAWAWJMJKFqxhgv,anthonyallen,ap-mumbai-1,aOrj:AP-MUMBAI-1-AD-1,ocid1.instance.oci.ap-mumbai-1.TErdujhxVrouHFiYuCRkOpZVOPLnOzhDYPW,,,,,true,V2.GxRNphylTJCiTYlHPgKftvlJvgVPTDOICJEUGqeVIXQv+QsJVkGuSezcOGVbNZKEq==,default/anthonyallen@gmail.com,2022-04-04T09:45:45.000Z,
V2.GxRNphylTJCiTYlHPgKftvlJvgVPTDOICJEUGqeVIXQv+pcYTYmmcKKAZKWeqploN==,ocid1.tenancy.oc1..KsFuiHnwlOUMnnPuXKypVAAWAWJMJKFqxhgv,2022-04-04T09:00Z,2022-04-04T10:00Z,NETWORK,,ocid1.tenancy.oc1..KsFuiHnwlOUMnnPuXKypVAAWAWJMJKFqxhgv,anthonyallen,ap-mumbai-1,aOrj:AP-MUMBAI-1-AD-1,ocid1.instance.oci.ap-mumbai-1.TErdujhxVrouHFiYuCRkOpZVOPLnOzhDYPW,,,,,true,V2.GxRNphylTJCiTYlHPgKftvlJvgVPTDOICJEUGqeVIXQv+BurMpgdoIhqlImJEWCFA==,default/anthonyallen@gmail.com,2022-04-04T09:22:15.000Z,true
V2.GxRNphylTJCiTYlHPgKftvlJvgVPTDOICJEUGqeVIXQv+cFIIaIwIJLByEbxCAkns==,ocid1.tenancy.oc1..KsFuiHnwlOUMnnPuXKypVAAWAWJMJKFqxhgv,2022-04-04T10:00Z,2022-04-04T11:00Z,NETWORK,,ocid1.tenancy.oc1..KsFuiHnwlOUMnnPuXKypVAAWAWJMJKFqxhgv,anthonyallen,ap-mumbai-1,aOrj:AP-MUMBAI-1-AD-1,ocid1.instance.oci.ap-mumbai-1.TErdujhxVrouHFiYuCRkOpZVOPLnOzhDYPW,,,,,true,V2.GxRNphylTJCiTYlHPgKftvlJvgVPTDOICJEUGqeVIXQv+AXftOMkNCuFHqURuVCvs==,default/anthonyallen@gmail.com,2022-04-04T10:25:29.000Z,
V2.GxRNphylTJCiTYlHPgKftvlJvgVPTDOICJEUGqeVIXQv+CxbkurFCohjGuttfCuel==,ocid1.tenancy.oc1..KsFuiHnwlOUMnnPuXKypVAAWAWJMJKFqxhgv,2022-04-04T11:00Z,2022-04-04T12:00Z,NETWORK,,ocid1.tenancy.oc1..KsFuiHnwlOUMnnPuXKypVAAWAWJMJKFqxhgv,anthonyallen,ap-mumbai-1,aOrj:AP-MUMBAI-1-AD-1,ocid1.instance.oci.ap-mumbai-1.TErdujhxVrouHFiYuCRkOpZVOPLnOzhDYPW,,,,,true,V2.GxRNphylTJCiTYlHPgKftvlJvgVPTDOICJEUGqeVIXQv+IfywabADnisQnMlcQDjS==,default/anthonyallen@gmail.com,,true
V2.GxRNphylTJCiTYlHPgKftvlJvgVPTDOICJEUGqeVIXQv+MwILmXuCAmWkVDWilZZt==,ocid1.tenancy.oc1..KsFuiHnwlOUMnnPuXKypVAAWAWJMJKFqxhgv,2022-04-04T12:00Z,2022-04-04T13:00Z,NETWORK,,ocid1.tenancy.oc1..KsFuiHnwlOUMnnPuXKypVAAWAWJMJKFqxhgv,anthonyallen,ap-mumbai-1,aOrj:AP-MUMBAI-1-AD-1,ocid1.instance.oci.ap-mumbai-1.TErdujhxVrouHFiYuCRkOpZVOPLnOzhDYPW,,,,,true,V2.GxRNphylTJCiTYlHPgKftvlJvgVPTDOICJEUGqeVIXQv+ynnRGNCgvHxrCaMOTgeI==,default/anthonyallen@gmail.com,2022-04-04T13:35:27.000Z,
V2.GxRNphylTJCiTYlHPgKftvlJvgVPTDOICJEUGqeVIXQv+XjDSEDpfyAqczulgEtRc==,ocid1.tenancy.oc1..KsFuiHnwlOUMnnPuXKypVAAWAWJMJKFqxhgv,2022-04-04T13:00Z,2022-04-04T14:00Z,NETWORK,,ocid1.tenancy.oc1..KsFuiHnwlOUMnnPuXKypVAAWAWJMJKFqxhgv,anthonyallen,ap-mumbai-1,aOrj:AP-MUMBAI-1-AD-1,ocid1.instance.oci.ap-mumbai-1.TErdujhxVrouHFiYuCRkOpZVOPLnOzhDYPW,,,,,true,V2.GxRNphylTJCiTYlHPgKftvlJvgVPTDOICJEUGqeVIXQv+TaVtoGIoxxblRwETINzw==,default/anthonyallen@gmail.com,2022-04-04T13:40:25.000Z,
V2.GxRNphylTJCiTYlHPgKftvlJvgVPTDOICJEUGqeVIXQv+BQwenYlZsTrAhKSQOuYn==,ocid1.tenancy.oc1..KsFuiHnwlOUMnnPuXKypVAAWAWJMJKFqxhgv,2022-04-04T14:00Z,2022-04-04T15:00Z,NETWORK,,ocid1.tenancy.oc1..KsFuiHnwlOUMnnPuXKypVAAWAWJMJKFqxhgv,anthonyallen,ap-mumbai-1,aOrj:AP-MUMBAI-1-AD-1,ocid1.instance.oci.ap-mumbai-1.TErdujhxVrouHFiYuCRkOpZVOPLnOzhDYPW,,,,,true,V2.GxRNphylTJCiTYlHPgKftvlJvgVPTDOICJEUGqeVIXQv+gxqVofKnQOFPWzEiNcsu==,default/anthonyallen@gmail.com,2022-04-04T14:24:28.000Z,
V2.GxRNphylTJCiTYlHPgKftvlJvgVPTDOICJEUGqeVIXQv+yhjGiKtIFzslEAjDaCyB==,ocid1.tenancy.oc1..KsFuiHnwlOUMnnPuXKypVAAWAWJMJKFqxhgv,2022-04-04T15:00Z,2022-04-04T16:00Z,NETWORK,,ocid1.tenancy.oc1..KsFuiHnwlOUMnnPuXKypVAAWAWJMJKFqxhgv,anthonyallen,ap-mumbai-1,aOrj:AP-MUMBAI-1-AD-1,ocid1.instance.oci.ap-mumbai-1.TErdujhxVrouHFiYuCRkOpZVOPLnOzhDYPW,,,,,true,V2.GxRNphylTJCiTYlHPgKftvlJvgVPTDOICJEUGqeVIXQv+GIQmXFrWoVFkRKTnsUEA==,default/anthonyallen@gmail.com,,true
V2.GxRNphylTJCiTYlHPgKftvlJvgVPTDOICJEUGqeVIXQv+npqLGHUqKDJVHzXhQOeQ==,ocid1.tenancy.oc1..KsFuiHnwlOUMnnPuXKypVAAWAWJMJKFqxhgv,2022-04-04T16:00Z,2022-04-04T17:00Z,NETWORK,,ocid1.tenancy.oc1..KsFuiHnwlOUMnnPuXKypVAAWAWJMJKFqxhgv,anthonyallen,ap-mumbai-1,aOrj:AP-MUMBAI-1-AD-1,ocid1.instance.oci.ap-mumbai-1.TErdujhxVrouHFiYuCRkOpZVOPLnOzhDYPW,,,,,true,V2.GxRNphylTJCiTYlHPgKftvlJvgVPTDOICJEUGqeVIXQv+OsdotNbBhZvpQbbCWZLG==,default/anthonyallen@gmail.com,2022-04-04T17:17:21.000Z,true
V2.GxRNphylTJCiTYlHPgKftvlJvgVPTDOICJEUGqeVIXQv+dYBZBDoqpVxrdLzIpjWf==,ocid1.tenancy.oc1..KsFuiHnwlOUMnnPuXKypVAAWAWJMJKFqxhgv,2022-04-04T17:00Z,2022-04-04T18:00Z,NETWORK,,ocid1.tenancy.oc1..KsFuiHnwlOUMnnPuXKypVAAWAWJMJKFqxhgv,anthonyallen,ap-mumbai-1,aOrj:AP-MUMBAI-1-AD-1,ocid1.instance.oci.ap-mumbai-1.TErdujhxVrouHFiYuCRkOpZVOPLnOzhDYPW,,,,,true,V2.GxRNphylTJCiTYlHPgKftvlJvgVPTDOICJEUGqeVIXQv+ffDKiYyTViUdoaAOVRci==,default/anthonyallen@gmail.com,2022-04-04T18:02:48.000Z,true
V2.GxRNphylTJCiTYlHPgKftvlJvgVPTDOICJEUGqeVIXQv+kVRoQuJqBmZFrsZEXeRa==,ocid1.tenancy.oc1..KsFuiHnwlOUMnnPuXKypVAAWAWJMJKFqxhgv,2022-04-04T18:00Z,2022-04-04T19:00Z,NETWORK,,ocid1.tenancy.oc1..KsFuiHnwlOUMnnPuXKypVAAWAWJMJKFqxhgv,anthonyallen,ap-mumbai-1,aOrj:AP-MUMBAI-1-AD-1,ocid1.instance.oci.ap-mumbai-1.TErdujhxVrouHFiYuCRkOpZVOPLnOzhDYPW,,,,,true,V2.GxRNphylTJCiTYlHPgKftvlJvgVPTDOICJEUGqeVIXQv+uoSFdgXmlfLwaQenfqHp==,default/anthonyallen@gmail.com,,
V2.GxRNphylTJCiTYlHPgKftvlJvgVPTDOICJEUGqeVIXQv+uweMPSwfkrXXKEEWGFyd==,ocid1.tenancy.oc1..KsFuiHnwlOUMnnPuXKypVAAWAWJMJKFqxhgv,2022-04-04T19:00Z,2022-04-04T20:00Z,NETWORK,,ocid1.tenancy.oc1..KsFuiHnwlOUMnnPuXKypVAAWAWJMJKFqxhgv,anthonyallen,ap-mumbai-1,aOrj:AP-MUMBAI-1-AD-1,ocid1.instance.oci.ap-mumbai-1.TErdujhxVrouHFiYuCRkOpZVOPLnOzhDYPW,,,,,true,V2.GxRNphylTJCiTYlHPgKftvlJvgVPTDOICJEUGqeVIXQv+njhVcciCCguyJkvkWRCq==,default/anthonyallen@gmail.com,,
V2.GxRNphylTJCiTYlHPgKftvlJvgVPTDOICJEUGqeVIXQv+KxDibxdHGJItzsqNnQdz==,ocid1.tenancy.oc1..KsFuiHnwlOUMnnPuXKypVAAWAWJMJKFqxhgv,2022-04-04T20:00Z,2022-04-04T21:00Z,NETWORK,,ocid1.tenancy.oc1..KsFuiHnwlOUMnnPuXKypVAAWAWJMJKFqxhgv,anthonyallen,ap-mumbai-1,aOrj:AP-MUMBAI-1-AD-1,ocid1.instance.oci.ap-mumbai-1.TErdujhxVrouHFiYuCRkOpZVOPLnOzhDYPW,,,,,true,V2.GxRNphylTJCiTYlHPgKftvlJvgVPTDOICJEUGqeVIXQv+avSeCmUvjRSDEEtuEAlH==,default/anthonyallen@gmail.com,2022-04-04T21:22:01.000Z,
V2.GxRNphylTJCiTYlHPgKftvlJvgVPTDOICJEUGqeVIXQv+wOfBrzLAXJrJlGYdRIyx==,ocid1.tenancy.oc1..KsFuiHnwlOUMnnPuXKypVAAWAWJMJKFqxhgv,2022-04-04T21:00Z,2022-04-04T22:00Z,NETWORK,,ocid1.tenancy.oc1..KsFuiHnwlOUMnnPuXKypVAAWAWJMJKFqxhgv,anthonyallen,ap-mumbai-1,aOrj:AP-MUMBAI-1-AD-1,ocid1.instance.oci.ap-mumbai-1.TErdujhxVrouHFiYuCRkOpZVOPLnOzhDYPW,,,,,true,V2.GxRNphylTJCiTYlHPgKftvlJvgVPTDOICJEUGqeVIXQv+zpojAwiIIhnbjoxTxHxh==,default/anthonyallen@gmail.com,2022-04-04T22:50:43.000Z,true
V2.GxRNphylTJCiTYlHPgKftvlJvgVPTDOICJEUGqeVIXQv+KfnvZtEgdtyQqbddsznq==,ocid1.tenancy.oc1..KsFuiHnwlOUMnnPuXKypVAAWAWJMJKFqxhgv,2022-04-04T22:00Z,2022-04-04T23:00Z,NETWORK,,ocid1.tenancy.oc1..KsFuiHnwlOUMnnPuXKypVAAWAWJMJKFqxhgv,anthonyallen,ap-mumbai-1,aOrj:AP-MUMBAI-1-AD-1,ocid1.instance.oci.ap-mumbai-1.TErdujhxVrouHFiYuCRkOpZVOPLnOzhDYPW,,,,,true,V2.GxRNphylTJCiTYlHPgKftvlJvgVPTDOICJEUGqeVIXQv+gpWHnAQqsBglKmeqrchJ==,default/anthonyallen@gmail.com,2022-04-04T22:18:20.000Z,true
