lineItem/referenceNo,lineItem/tenantId,lineItem/intervalUsageStart,lineItem/intervalUsageEnd,product/service,product/compartmentId,product/compartmentName,product/region,product/availabilityDomain,product/resourceId,usage/billedQuantity,usage/billedQuantityOverage,cost/subscriptionId,cost/productSku,product/Description,cost/unitPrice,cost/unitPriceOverage,cost/myCost,cost/myCostOverage,cost/currencyCode,cost/billingUnitReadable,cost/skuUnitDescription,cost/overageFlag,lineItem/isCorrection,lineItem/backreferenceNo,tags/Oracle-Tags.CreatedBy,tags/Oracle-Tags.CreatedOn,tags/orcl-cloud.free-tier-retained
V2.voZsILYrRrBMVvXUIeqUCipWqOqeWJEpkIdVbXQP+bnjsKavPhHGApjvPJUHV==,ocid1.tenancy.oc1..NIZMaSEjomzNdCkLmIQqgxLwrZyQRniYbfFzLDfCjHYxU,2022-04-01T00:00Z,2022-04-01T01:00Z,COMPUTE,ocid1.tenancy.oc1..NIZMaSEjomzNdCkLmIQqgxLwrZyQRniYbfFzLDfCjHYxU,ashleyhunter,me-jeddah-1,XtyN:ME-JEDDAH-1-AD-1,ocid1.instance.oci.me-jeddah-1.spvuExvnhsOmwphUASVEWzxBWddijQ,1,,29487269,B10910,Virtual Machine Standard - E2 Micro - Free,,,0,,USD,ONE HOURS OCPUS,OCPU Hours,,false,,default/ashleyhunter@yahoo.com,2022-04-01T01:31:06.000Z,true
V2.voZsILYrRrBMVvXUIeqUCipWqOqeWJEpkIdVbXQP+HEYufuyOuRXptumQoRAG==,ocid1.tenancy.oc1..NIZMaSEjomzNdCkLmIQqgxLwrZyQRniYbfFzLDfCjHYxU,2022-04-01T01:00Z,2022-04-01T02:00Z,COMPUTE,ocid1.tenancy.oc1..NIZMaSEjomzNdCkLmIQqgxLwrZyQRniYbfFzLDfCjHYxU,ashleyhunter,me-jeddah-1,XtyN:ME-JEDDAH-1-AD-1,ocid1.instance.oci.me-jeddah-1.spvuExvnhsOmwphUASVEWzxBWddijQ,1,,29487269,B10910,Virtual Machine Standard - E2 Micro - Free,,,0,,USD,ONE HOURS OCPUS,OCPU Hours,,false,,default/ashleyhunter@yahoo.com,2022-04-01T01:13:05.000Z,
V2.voZsILYrRrBMVvXUIeqUCipWqOqeWJEpkIdVbXQP+HjjCjVZlPvKnyHJaxRdh==,ocid1.tenancy.oc1..NIZMaSEjomzNdCkLmIQqgxLwrZyQRniYbfFzLDfCjHYxU,2022-04-01T02:00Z,2022-04-01T03:00Z,COMPUTE,ocid1.tenancy.oc1..NIZMaSEjomzNdCkLmIQqgxLwrZyQRniYbfFzLDfCjHYxU,ashleyhunter,me-jeddah-1,XtyN:ME-JEDDAH-1-AD-1,ocid1.instance.oci.me-jeddah-1.spvuExvnhsOmwphUASVEWzxBWddijQ,1,,29487269,B10910,Virtual Machine Standard - E2 Micro - Free,,,0,,USD,ONE HOURS OCPUS,OCPU Hours,,false,,default/ashleyhunter@yahoo.com,,true
V2.voZsILYrRrBMVvXUIeqUCipWqOqeWJEpkIdVbXQP+aoThhwkcqsFustXkPkrw==,ocid1.tenancy.oc1..NIZMaSEjomzNdCkLmIQqgxLwrZyQRniYbfFzLDfCjHYxU,2022-04-01T03:00Z,2022-04-01T04:00Z,COMPUTE,ocid1.tenancy.oc1..NIZMaSEjomzNdCkLmIQqgxLwrZyQRniYbfFzLDfCjHYxU,ashleyhunter,me-jeddah-1,XtyN:ME-JEDDAH-1-AD-1,ocid1.instance.oci.me-jeddah-1.spvuExvnhsOmwphUASVEWzxBWddijQ,1,,29487269,B10910,Virtual Machine Standard - E2 Micro - Free,,,0,,USD,ONE HOURS OCPUS,OCPU Hours,,false,,default/ashleyhunter@yahoo.com,2022-04-01T03:20:50.000Z,true
V2.voZsILYrRrBMVvXUIeqUCipWqOqeWJEpkIdVbXQP+IRDYvdyaazQzdgfBEgCS==,ocid1.tenancy.oc1..NIZMaSEjomzNdCkLmIQqgxLwrZyQRniYbfFzLDfCjHYxU,2022-04-01T04:00Z,2022-04-01T05:00Z,COMPUTE,ocid1.tenancy.oc1..NIZMaSEjomzNdCkLmIQqgxLwrZyQRniYbfFzLDfCjHYxU,ashleyhunter,me-jeddah-1,XtyN:ME-JEDDAH-1-AD-1,ocid1.instance.oci.me-jeddah-1.spvuExvnhsOmwphUASVEWzxBWddijQ,1,,29487269,B10910,Virtual Machine Standard - E2 Micro - Free,,,0,,USD,ONE HOURS OCPUS,OCPU Hours,,false,,default/ashleyhunter@yahoo.com,2022-04-01T05:09:12.000Z,true
V2.voZsILYrRrBMVvXUIeqUCipWqOqeWJEpkIdVbXQP+eblMHTTRTlaykdrKtOoB==,ocid1.tenancy.oc1..NIZMaSEjomzNdCkLmIQqgxLwrZyQRniYbfFzLDfCjHYxU,2022-04-01T05:00Z,2022-04-01T06:00Z,COMPUTE,ocid1.tenancy.oc1..NIZMaSEjomzNdCkLmIQqgxLwrZyQRniYbfFzLDfCjHYxU,ashleyhunter,me-jeddah-1,XtyN:ME-JEDDAH-1-AD-1,ocid1.instance.oci.me-jeddah-1.spvuExvnhsOmwphUASVEWzxBWddijQ,1,,29487269,B10910,Virtual Machine Standard - E2 Micro - Free,,,0,,USD,ONE HOURS OCPUS,OCPU Hours,,false,,default/ashleyhunter@yahoo.com,2022-04-01T06:38:50.000Z,true
V2.voZsILYrRrBMVvXUIeqUCipWqOqeWJEpkIdVbXQP+LdOllkqskiSQntuAMdkg==,ocid1.tenancy.oc1..NIZMaSEjomzNdCkLmIQqgxLwrZyQRniYbfFzLDfCjHYxU,2022-04-01T06:00Z,2022-04-01T07:00Z,COMPUTE,ocid1.tenancy.oc1..NIZMaSEjomzNdCkLmIQqgxLwrZyQRniYbfFzLDfCjHYxU,ashleyhunter,me-jeddah-1,XtyN:ME-JEDDAH-1-AD-1,ocid1.instance.oci.me-jeddah-1.spvuExvnhsOmwphUASVEWzxBWddijQ,1,,29487269,B10910,Virtual Machine Standard - E2 Micro - Free,,,0,,USD,ONE HOURS OCPUS,OCPU Hours,,false,,default/ashleyhunter@yahoo.com,2022-04-01T06:33:10.000Z,
V2.voZsILYrRrBMVvXUIeqUCipWqOqeWJEpkIdVbXQP+PoXJwTKLIlpGiVYAAHBM==,ocid1.tenancy.oc1..NIZMaSEjomzNdCkLmIQqgxLwrZyQRniYbfFzLDfCjHYxU,2022-04-01T07:00Z,2022-04-01T08:00Z,COMPUTE,ocid1.tenancy.oc1..NIZMaSEjomzNdCkLmIQqgxLwrZyQRniYbfFzLDfCjHYxU,ashleyhunter,me-jeddah-1,XtyN:ME-JEDDAH-1-AD-1,ocid1.instance.oci.me-jeddah-1.spvuExvnhsOmwphUASVEWzxBWddijQ,1,,29487269,B10910,Virtual Machine Standard - E2 Micro - Free,,,0,,USD,ONE HOURS OCPUS,OCPU Hours,,false,,default/ashleyhunter@yahoo.com,2022-04-01T07:48:37.000Z,true
V2.voZsILYrRrBMVvXUIeqUCipWqOqeWJEpkIdVbXQP+IAxunwHeKzTvByuGjDJj==,ocid1.tenancy.oc1..NIZMaSEjomzNdCkLmIQqgxLwrZyQRniYbfFzLDfCjHYxU,2022-04-01T08:00Z,2022-04-01T09:00Z,COMPUTE,ocid1.tenancy.oc1..NIZMaSEjomzNdCkLmIQqgxLwrZyQRniYbfFzLDfCjHYxU,ashleyhunter,me-jeddah-1,XtyN:ME-JEDDAH-1-AD-1,ocid1.instance.oci.me-jeddah-1.spvuExvnhsOmwphUASVEWzxBWddijQ,1,,29487269,B10910,Virtual Machine Standard - E2 Micro - Free,,,0,,USD,ONE HOURS OCPUS,OCPU Hours,,false,,default/ashleyhunter@yahoo.com,2022-04-01T09:04:15.000Z,true
V2.voZsILYrRrBMVvXUIeqUCipWqOqeWJEpkIdVbXQP+VuwwEvXnutBBmIgUXOUP==,ocid1.tenancy.oc1..NIZMaSEjomzNdCkLmIQqgxLwrZyQRniYbfFzLDfCjHYxU,2022-04-01T09:00Z,2022-04-01T10:00Z,COMPUTE,ocid1.tenancy.oc1..NIZMaSEjomzNdCkLmIQqgxLwrZyQRniYbfFzLDfCjHYxU,ashleyhunter,me-jeddah-1,XtyN:ME-JEDDAH-1-AD-1,ocid1.instance.oci.me-jeddah-1.spvuExvnhsOmwphUASVEWzxBWddijQ,1,,29487269,B10910,Virtual Machine Standard - E2 Micro - Free,,,0,,USD,ONE HOURS OCPUS,OCPU Hours,,false,,default/ashleyhunter@yahoo.com,2022-04-01T10:48:23.000Z,
V2.voZsILYrRrBMVvXUIeqUCipWqOqeWJEpkIdVbXQP+NDGQTaTvOxrzJDvXbQuc==,ocid1.tenancy.oc1..NIZMaSEjomzNdCkLmIQqgxLwrZyQRniYbfFzLDfCjHYxU,2022-04-01T10:00Z,2022-04-01T11:00Z,COMPUTE,ocid1.tenancy.oc1..NIZMaSEjomzNdCkLmIQqgxLwrZyQRniYbfFzLDfCjHYxU,ashleyhunter,me-jeddah-1,XtyN:ME-JEDDAH-1-AD-1,ocid1.instance.oci.me-jeddah-1.spvuExvnhsOmwphUASVEWzxBWddijQ,1,,29487269,B10910,Virtual Machine Standard - E2 Micro - Free,,,0,,USD,ONE HOURS OCPUS,OCPU Hours,,false,,default/ashleyhunter@yahoo.com,,true
V2.voZsILYrRrBMVvXUIeqUCipWqOqeWJEpkIdVbXQP+BaKFTwFreYGtBRODcqqY==,ocid1.tenancy.oc1..NIZMaSEjomzNdCkLmIQqgxLwrZyQRniYbfFzLDfCjHYxU,2022-04-01T11:00Z,2022-04-01T12:00Z,COMPUTE,ocid1.tenancy.oc1..NIZMaSEjomzNdCkLmIQqgxLwrZyQRniYbfFzLDfCjHYxU,ashleyhunter,me-jeddah-1,XtyN:ME-JEDDAH-1-AD-1,ocid1.instance.oci.me-jeddah-1.spvuExvnhsOmwphUASVEWzxBWddijQ,1,,29487269,B10910,Virtual Machine Standard - E2 Micro - Free,,,0,,USD,ONE HOURS OCPUS,OCPU Hours,,false,,default/ashleyhunter@yahoo.com,2022-04-01T11:28:26.000Z,true
V2.voZsILYrRrBMVvXUIeqUCipWqOqeWJEpkIdVbXQP+qvMrGpebKFsXplKvGjLn==,ocid1.tenancy.oc1..NIZMaSEjomzNdCkLmIQqgxLwrZyQRniYbfFzLDfCjHYxU,2022-04-01T12:00Z,2022-04-01T13:00Z,COMPUTE,ocid1.tenancy.oc1..NIZMaSEjomzNdCkLmIQqgxLwrZyQRniYbfFzLDfCjHYxU,ashleyhunter,me-jeddah-1,XtyN:ME-JEDDAH-1-AD-1,ocid1.instance.oci.me-jeddah-1.spvuExvnhsOmwphUASVEWzxBWddijQ,1,,29487269,B10910,Virtual Machine Standard - E2 Micro - Free,,,0,,USD,ONE HOURS OCPUS,OCPU Hours,,false,,default/ashleyhunter@yahoo.com,,true
V2.voZsILYrRrBMVvXUIeqUCipWqOqeWJEpkIdVbXQP+nvoWhiPhZpFarBeJnOpZ==,ocid1.tenancy.oc1..NIZMaSEjomzNdCkLmIQqgxLwrZyQRniYbfFzLDfCjHYxU,2022-04-01T13:00Z,2022-04-01T14:00Z,COMPUTE,ocid1.tenancy.oc1..NIZMaSEjomzNdCkLmIQqgxLwrZyQRniYbfFzLDfCjHYxU,ashleyhunter,me-jeddah-1,XtyN:ME-JEDDAH-1-AD-1,ocid1.instance.oci.me-jeddah-1.spvuExvnhsOmwphUASVEWzxBWddijQ,1,,29487269,B10910,Virtual Machine Standard - E2 Micro - Free,,,0,,USD,ONE HOURS OCPUS,OCPU Hours,,false,,default/ashleyhunter@yahoo.com,,
V2.voZsILYrRrBMVvXUIeqUCipWqOqeWJEpkIdVbXQP+ifEoHLPIxAopLjxpddKI==,ocid1.tenancy.oc1..NIZMaSEjomzNdCkLmIQqgxLwrZyQRniYbfFzLDfCjHYxU,2022-04-01T14:00Z,2022-04-01T15:00Z,COMPUTE,ocid1.tenancy.oc1..NIZMaSEjomzNdCkLmIQqgxLwrZyQRniYbfFzLDfCjHYxU,ashleyhunter,me-jeddah-1,XtyN:ME-JEDDAH-1-AD-1,ocid1.instance.oci.me-jeddah-1.spvuExvnhsOmwphUASVEWzxBWddijQ,1,,29487269,B10910,Virtual Machine Standard - E2 Micro - Free,,,0,,USD,ONE HOURS OCPUS,OCPU Hours,,false,,default/ashleyhunter@yahoo.com,,
V2.voZsILYrRrBMVvXUIeqUCipWqOqeWJEpkIdVbXQP+sDELGomoPdUWiMzalnno==,ocid1.tenancy.oc1..NIZMaSEjomzNdCkLmIQqgxLwrZyQRniYbfFzLDfCjHYxU,2022-04-01T15:00Z,2022-04-01T16:00Z,COMPUTE,ocid1.tenancy.oc1..NIZMaSEjomzNdCkLmIQqgxLwrZyQRniYbfFzLDfCjHYxU,ashleyhunter,me-jeddah-1,XtyN:ME-JEDDAH-1-AD-1,ocid1.instance.oci.me-jeddah-1.spvuExvnhsOmwphUASVEWzxBWddijQ,1,,29487269,B10910,Virtual Machine Standard - E2 Micro - Free,,,0,,USD,ONE HOURS OCPUS,OCPU Hours,,false,,default/ashleyhunter@yahoo.com,2022-04-01T16:31:29.000Z,
V2.voZsILYrRrBMVvXUIeqUCipWqOqeWJEpkIdVbXQP+kIMxmrXTjVbTPGbHaHdf==,ocid1.tenancy.oc1..NIZMaSEjomzNdCkLmIQqgxLwrZyQRniYbfFzLDfCjHYxU,2022-04-01T16:00Z,2022-04-01T17:00Z,COMPUTE,ocid1.tenancy.oc1..NIZMaSEjomzNdCkLmIQqgxLwrZyQRniYbfFzLDfCjHYxU,ashleyhunter,me-jeddah-1,XtyN:ME-JEDDAH-1-AD-1,ocid1.instance.oci.me-jeddah-1.spvuExvnhsOmwphUASVEWzxBWddijQ,1,,29487269,B10910,Virtual Machine Standard - E2 Micro - Free,,,0,,USD,ONE HOURS OCPUS,OCPU Hours,,false,,default/ashleyhunter@yahoo.com,2022-04-01T17:03:38.000Z,
V2.voZsILYrRrBMVvXUIeqUCipWqOqeWJEpkIdVbXQP+wkXmsbpvibWsfmoqOsgM==,ocid1.tenancy.oc1..NIZMaSEjomzNdCkLmIQqgxLwrZyQRniYbfFzLDfCjHYxU,2022-04-01T17:00Z,2022-04-01T18:00Z,COMPUTE,ocid1.tenancy.oc1..NIZMaSEjomzNdCkLmIQqgxLwrZyQRniYbfFzLDfCjHYxU,ashleyhunter,me-jeddah-1,XtyN:ME-JEDDAH-1-AD-1,ocid1.instance.oci.me-jeddah-1.spvuExvnhsOmwphUASVEWzxBWddijQ,1,,29487269,B10910,Virtual Machine Standard - E2 Micro - Free,,,0,,USD,ONE HOURS OCPUS,OCPU Hours,,false,,default/ashleyhunter@yahoo.com,,true
V2.voZsILYrRrBMVvXUIeqUCipWqOqeWJEpkIdVbXQP+hQdPOQpQFwmCtLRrqJSJ==,ocid1.tenancy.oc1..NIZMaSEjomzNdCkLmIQqgxLwrZyQRniYbfFzLDfCjHYxU,2022-04-01T18:00Z,2022-04-01T19:00Z,COMPUTE,ocid1.tenancy.oc1..NIZMaSEjomzNdCkLmIQqgxLwrZyQRniYbfFzLDfCjHYxU,ashleyhunter,me-jeddah-1,XtyN:ME-JEDDAH-1-AD-1,ocid1.instance.oci.me-jeddah-1.spvuExvnhsOmwphUASVEWzxBWddijQ,1,,29487269,B10910,Virtual Machine Standard - E2 Micro - Free,,,0,,USD,ONE HOURS OCPUS,OCPU Hours,,false,,default/ashleyhunter@yahoo.com,2022-04-01T19:36:30.000Z,true
V2.voZsILYrRrBMVvXUIeqUCipWqOqeWJEpkIdVbXQP+fWgBukxDFzbTsgkdcCBi==,ocid1.tenancy.oc1..NIZMaSEjomzNdCkLmIQqgxLwrZyQRniYbfFzLDfCjHYxU,2022-04-01T19:00Z,2022-04-01T20:00Z,COMPUTE,ocid1.tenancy.oc1..NIZMaSEjomzNdCkLmIQqgxLwrZyQRniYbfFzLDfCjHYxU,ashleyhunter,me-jeddah-1,XtyN:ME-JEDDAH-1-AD-1,ocid1.instance.oci.me-jeddah-1.spvuExvnhsOmwphUASVEWzxBWddijQ,1,,29487269,B10910,Virtual Machine Standard - E2 Micro - Free,,,0,,USD,ONE HOURS OCPUS,OCPU Hours,,false,,default/ashleyhunter@yahoo.com,2022-04-01T20:44:23.000Z,true
V2.voZsILYrRrBMVvXUIeqUCipWqOqeWJEpkIdVbXQP+mSIMdPSYDbtGDARUeMtr==,ocid1.tenancy.oc1..NIZMaSEjomzNdCkLmIQqgxLwrZyQRniYbfFzLDfCjHYxU,2022-04-01T20:00Z,2022-04-01T21:00Z,COMPUTE,ocid1.tenancy.oc1..NIZMaSEjomzNdCkLmIQqgxLwrZyQRniYbfFzLDfCjHYxU,ashleyhunter,me-jeddah-1,XtyN:ME-JEDDAH-1-AD-1,ocid1.instance.oci.me-jeddah-1.spvuExvnhsOmwphUASVEWzxBWddijQ,1,,29487269,B10910,Virtual Machine Standard - E2 Micro - Free,,,0,,USD,ONE HOURS OCPUS,OCPU Hours,,false,,default/ashleyhunter@yahoo.com,2022-04-01T21:35:06.000Z,true
V2.voZsILYrRrBMVvXUIeqUCipWqOqeWJEpkIdVbXQP+BfJSpITtTxCkxOmsGDFH==,ocid1.tenancy.oc1..NIZMaSEjomzNdCkLmIQqgxLwrZyQRniYbfFzLDfCjHYxU,2022-04-01T21:00Z,2022-04-01T22:00Z,COMPUTE,ocid1.tenancy.oc1..NIZMaSEjomzNdCkLmIQqgxLwrZyQRniYbfFzLDfCjHYxU,ashleyhunter,me-jeddah-1,XtyN:ME-JEDDAH-1-AD-1,ocid1.instance.oci.me-jeddah-1.spvuExvnhsOmwphUASVEWzxBWddijQ,1,,29487269,B10910,Virtual Machine Standard - E2 Micro - Free,,,0,,USD,ONE HOURS OCPUS,OCPU Hours,,false,,default/ashleyhunter@yahoo.com,2022-04-01T21:08:09.000Z,
V2.voZsILYrRrBMVvXUIeqUCipWqOqeWJEpkIdVbXQP+FrzemdPgfJcGEskwgJKL==,ocid1.tenancy.oc1..NIZMaSEjomzNdCkLmIQqgxLwrZyQRniYbfFzLDfCjHYxU,2022-04-01T22:00Z,2022-04-01T23:00Z,COMPUTE,ocid1.tenancy.oc1..NIZMaSEjomzNdCkLmIQqgxLwrZyQRniYbfFzLDfCjHYxU,ashleyhunter,me-jeddah-1,XtyN:ME-JEDDAH-1-AD-1,ocid1.instance.oci.me-jeddah-1.spvuExvnhsOmwphUASVEWzxBWddijQ,1,,29487269,B10910,Virtual Machine Standard - E2 Micro - Free,,,0,,USD,ONE HOURS OCPUS,OCPU Hours,,false,,default/ashleyhunter@yahoo.com,2022-04-01T22:42:46.000Z,
V2.voZsILYrRrBMVvXUIeqUCipWqOqeWJEpkIdVbXQP+ODwmLZqEraVghjJPACql==,ocid1.tenancy.oc1..NIZMaSEjomzNdCkLmIQqgxLwrZyQRniYbfFzLDfCjHYxU,2022-04-01T23:00Z,2022-04-02T00:00Z,COMPUTE,ocid1.tenancy.oc1..NIZMaSEjomzNdCkLmIQqgxLwrZyQRniYbfFzLDfCjHYxU,ashleyhunter,me-jeddah-1,XtyN:ME-JEDDAH-1-AD-1,ocid1.instance.oci.me-jeddah-1.spvuExvnhsOmwphUASVEWzxBWddijQ,1,,29487269,B10910,Virtual Machine Standard - E2 Micro - Free,,,0,,USD,ONE HOURS OCPUS,OCPU Hours,,false,,default/ashleyhunter@yahoo.com,2022-04-01T23:16:04.000Z,
V2.voZsILYrRrBMVvXUIeqUCipWqOqeWJEpkIdVbXQP+qgwAjcajycJyyIrmxawY==,ocid1.tenancy.oc1..NIZMaSEjomzNdCkLmIQqgxLwrZyQRniYbfFzLDfCjHYxU,2022-04-02T00:00Z,2022-04-02T01:00Z,COMPUTE,ocid1.tenancy.oc1..NIZMaSEjomzNdCkLmIQqgxLwrZyQRniYbfFzLDfCjHYxU,ashleyhunter,me-jeddah-1,XtyN:ME-JEDDAH-1-AD-1,ocid1.instance.oci.me-jeddah-1.spvuExvnhsOmwphUASVEWzxBWddijQ,1,,29487269,B10910,Virtual Machine Standard - E2 Micro - Free,,,0,,USD,ONE HOURS OCPUS,OCPU Hours,,false,,default/ashleyhunter@yahoo.com,2022-04-02T01:35:06.000Z,
V2.voZsILYrRrBMVvXUIeqUCipWqOqeWJEpkIdVbXQP+ZFTKqSauIShjfKaTtUJh==,ocid1.tenancy.oc1..NIZMaSEjomzNdCkLmIQqgxLwrZyQRniYbfFzLDfCjHYxU,2022-04-02T01:00Z,2022-04-02T02:00Z,COMPUTE,ocid1.tenancy.oc1..NIZMaSEjomzNdCkLmIQqgxLwrZyQRniYbfFzLDfCjHYxU,ashleyhunter,me-jeddah-1,XtyN:ME-JEDDAH-1-AD-1,ocid1.instance.oci.me-jeddah-1.spvuExvnhsOmwphUASVEWzxBWddijQ,1,,29487269,B10910,Virtual Machine Standard - E2 Micro - Free,,,0,,USD,ONE HOURS OCPUS,OCPU Hours,,false,,default/ashleyhunter@yahoo.com,,true
V2.voZsILYrRrBMVvXUIeqUCipWqOqeWJEpkIdVbXQP+pKPIpPhLHbOOuclFmKwT==,ocid1.tenancy.oc1..NIZMaSEjomzNdCkLmIQqgxLwrZyQRniYbfFzLDfCjHYxU,2022-04-02T02:00Z,2022-04-02T03:00Z,COMPUTE,ocid1.tenancy.oc1..NIZMaSEjomzNdCkLmIQqgxLwrZyQRniYbfFzLDfCjHYxU,ashleyhunter,me-jeddah-1,XtyN:ME-JEDDAH-1-AD-1,ocid1.instance.oci.me-jeddah-1.spvuExvnhsOmwphUASVEWzxBWddijQ,1,,29487269,B10910,Virtual Machine Standard - E2 Micro - Free,,,0,,USD,ONE HOURS OCPUS,OCPU Hours,,false,,default/ashleyhunter@yahoo.com,,
V2.voZsILYrRrBMVvXUIeqUCipWqOqeWJEpkIdVbXQP+flJlkDIthKqFUxRPjMTN==,ocid1.tenancy.oc1..NIZMaSEjomzNdCkLmIQqgxLwrZyQRniYbfFzLDfCjHYxU,2022-04-02T03:00Z,2022-04-02T04:00Z,COMPUTE,ocid1.tenancy.oc1..NIZMaSEjomzNdCkLmIQqgxLwrZyQRniYbfFzLDfCjHYxU,ashleyhunter,me-jeddah-1,XtyN:ME-JEDDAH-1-AD-1,ocid1.instance.oci.me-jeddah-1.spvuExvnhsOmwphUASVEWzxBWddijQ,1,,29487269,B10910,Virtual Machine Standard - E2 Micro - Free,,,0,,USD,ONE HOURS OCPUS,OCPU Hours,,false,,default/ashleyhunter@yahoo.com,2022-04-02T04:37:27.000Z,
V2.voZsILYrRrBMVvXUIeqUCipWqOqeWJEpkIdVbXQP+HqMBlmczZIhwzlpCPlvo==,ocid1.tenancy.oc1..NIZMaSEjomzNdCkLmIQqgxLwrZyQRniYbfFzLDfCjHYxU,2022-04-02T04:00Z,2022-04-02T05:00Z,COMPUTE,ocid1.tenancy.oc1..NIZMaSEjomzNdCkLmIQqgxLwrZyQRniYbfFzLDfCjHYxU,ashleyhunter,me-jeddah-1,XtyN:ME-JEDDAH-1-AD-1,ocid1.instance.oci.me-jeddah-1.spvuExvnhsOmwphUASVEWzxBWddijQ,1,,29487269,B10910,Virtual Machine Standard - E2 Micro - Free,,,0,,USD,ONE HOURS OCPUS,OCPU Hours,,false,,default/ashleyhunter@yahoo.com,2022-04-02T04:43:10.000Z,true
V2.voZsILYrRrBMVvXUIeqUCipWqOqeWJEpkIdVbXQP+xBkTMjCFKpaPgDVRketI==,ocid1.tenancy.oc1..NIZMaSEjomzNdCkLmIQqgxLwrZyQRniYbfFzLDfCjHYxU,2022-04-02T05:00Z,2022-04-02T06:00Z,COMPUTE,ocid1.tenancy.oc1..NIZMaSEjomzNdCkLmIQqgxLwrZyQRniYbfFzLDfCjHYxU,ashleyhunter,me-jeddah-1,XtyN:ME-JEDDAH-1-AD-1,ocid1.instance.oci.me-jeddah-1.spvuExvnhsOmwphUASVEWzxBWddijQ,1,,29487269,B10910,Virtual Machine Standard - E2 Micro - Free,,,0,,USD,ONE HOURS OCPUS,OCPU Hours,,false,,default/ashleyhunter@yahoo.com,,true
V2.voZsILYrRrBMVvXUIeqUCipWqOqeWJEpkIdVbXQP+zSrDPDLuIEcCzpxHzfYY==,ocid1.tenancy.oc1..NIZMaSEjomzNdCkLmIQqgxLwrZyQRniYbfFzLDfCjHYxU,2022-04-02T06:00Z,2022-04-02T07:00Z,COMPUTE,ocid1.tenancy.oc1..NIZMaSEjomzNdCkLmIQqgxLwrZyQRniYbfFzLDfCjHYxU,ashleyhunter,me-jeddah-1,XtyN:ME-JEDDAH-1-AD-1,ocid1.instance.oci.me-jeddah-1.spvuExvnhsOmwphUASVEWzxBWddijQ,1,,29487269,B10910,Virtual Machine Standard - E2 Micro - Free,,,0,,USD,ONE HOURS OCPUS,OCPU Hours,,false,,default/ashleyhunter@yahoo.com,2022-04-02T07:07:02.000Z,
V2.voZsILYrRrBMVvXUIeqUCipWqOqeWJEpkIdVbXQP+hLbxwlEkKMlbVXoZBeow==,ocid1.tenancy.oc1..NIZMaSEjomzNdCkLmIQqgxLwrZyQRniYbfFzLDfCjHYxU,2022-04-02T07:00Z,2022-04-02T08:00Z,COMPUTE,ocid1.tenancy.oc1..NIZMaSEjomzNdCkLmIQqgxLwrZyQRniYbfFzLDfCjHYxU,ashleyhunter,me-jeddah-1,XtyN:ME-JEDDAH-1-AD-1,ocid1.instance.oci.me-jeddah-1.spvuExvnhsOmwphUASVEWzxBWddijQ,1,,29487269,B10910,Virtual Machine Standard - E2 Micro - Free,,,0,,USD,ONE HOURS OCPUS,OCPU Hours,,false,,default/ashleyhunter@yahoo.com,2022-04-02T08:14:50.000Z,
V2.voZsILYrRrBMVvXUIeqUCipWqOqeWJEpkIdVbXQP+qcmjGilmcTBWEZikFzTZ==,ocid1.tenancy.oc1..NIZMaSEjomzNdCkLmIQqgxLwrZyQRniYbfFzLDfCjHYxU,2022-04-02T08:00Z,2022-04-02T09:00Z,COMPUTE,ocid1.tenancy.oc1..NIZMaSEjomzNdCkLmIQqgxLwrZyQRniYbfFzLDfCjHYxU,ashleyhunter,me-jeddah-1,XtyN:ME-JEDDAH-1-AD-1,ocid1.instance.oci.me-jeddah-1.spvuExvnhsOmwphUASVEWzxBWddijQ,1,,29487269,B10910,Virtual Machine Standard - E2 Micro - Free,,,0,,USD,ONE HOURS OCPUS,OCPU Hours,,false,,default/ashleyhunter@yahoo.com,2022-04-02T09:13:18.000Z,true
V2.voZsILYrRrBMVvXUIeqUCipWqOqeWJEpkIdVbXQP+dHiiokSHzEiPBLgGfDva==,ocid1.tenancy.oc1..NIZMaSEjomzNdCkLmIQqgxLwrZyQRniYbfFzLDfCjHYxU,2022-04-02T09:00Z,2022-04-02T10:00Z,COMPUTE,ocid1.tenancy.oc1..NIZMaSEjomzNdCkLmIQqgxLwrZyQRniYbfFzLDfCjHYxU,ashleyhunter,me-jeddah-1,XtyN:ME-JEDDAH-1-AD-1,ocid1.instance.oci.me-jeddah-1.spvuExvnhsOmwphUASVEWzxBWddijQ,1,,29487269,B10910,Virtual Machine Standard - E2 Micro - Free,,,0,,USD,ONE HOURS OCPUS,OCPU Hours,,false,,default/ashleyhunter@yahoo.com,2022-04-02T09:42:09.000Z,true
V2.voZsILYrRrBMVvXUIeqUCipWqOqeWJEpkIdVbXQP+bPQqvyOfKqxMeGprrUQc==,ocid1.tenancy.oc1..NIZMaSEjomzNdCkLmIQqgxLwrZyQRniYbfFzLDfCjHYxU,2022-04-02T10:00Z,2022-04-02T11:00Z,COMPUTE,ocid1.tenancy.oc1..NIZMaSEjomzNdCkLmIQqgxLwrZyQRniYbfFzLDfCjHYxU,ashleyhunter,me-jeddah-1,XtyN:ME-JEDDAH-1-AD-1,ocid1.instance.oci.me-jeddah-1.spvuExvnhsOmwphUASVEWzxBWddijQ,1,,29487269,B10910,Virtual Machine Standard - E2 Micro - Free,,,0,,USD,ONE HOURS OCPUS,OCPU Hours,,false,,default/ashleyhunter@yahoo.com,2022-04-02T11:42:17.000Z,
V2.voZsILYrRrBMVvXUIeqUCipWqOqeWJEpkIdVbXQP+SCBmkYxTVYzlwxmKtbVV==,ocid1.tenancy.oc1..NIZMaSEjomzNdCkLmIQqgxLwrZyQRniYbfFzLDfCjHYxU,2022-04-02T11:00Z,2022-04-02T12:00Z,COMPUTE,ocid1.tenancy.oc1..NIZMaSEjomzNdCkLmIQqgxLwrZyQRniYbfFzLDfCjHYxU,ashleyhunter,me-jeddah-1,XtyN:ME-JEDDAH-1-AD-1,ocid1.instance.oci.me-jeddah-1.spvuExvnhsOmwphUASVEWzxBWddijQ,1,,29487269,B10910,Virtual Machine Standard - E2 Micro - Free,,,0,,USD,ONE HOURS OCPUS,OCPU Hours,,false,,default/ashleyhunter@yahoo.com,2022-04-02T12:03:12.000Z,
V2.voZsILYrRrBMVvXUIeqUCipWqOqeWJEpkIdVbXQP+ESSMqvIysmXkEUIsWMVu==,ocid1.tenancy.oc1..NIZMaSEjomzNdCkLmIQqgxLwrZyQRniYbfFzLDfCjHYxU,2022-04-02T12:00Z,2022-04-02T13:00Z,COMPUTE,ocid1.tenancy.oc1..NIZMaSEjomzNdCkLmIQqgxLwrZyQRniYbfFzLDfCjHYxU,ashleyhunter,me-jeddah-1,XtyN:ME-JEDDAH-1-AD-1,ocid1.instance.oci.me-jeddah-1.spvuExvnhsOmwphUASVEWzxBWddijQ,1,,29487269,B10910,Virtual Machine Standard - E2 Micro - Free,,,0,,USD,ONE HOURS OCPUS,OCPU Hours,,false,,default/ashleyhunter@yahoo.com,2022-04-02T13:12:07.000Z,
V2.voZsILYrRrBMVvXUIeqUCipWqOqeWJEpkIdVbXQP+oAKdhwfSIebxBsDtnZeR==,ocid1.tenancy.oc1..NIZMaSEjomzNdCkLmIQqgxLwrZyQRniYbfFzLDfCjHYxU,2022-04-02T13:00Z,2022-04-02T14:00Z,COMPUTE,ocid1.tenancy.oc1..NIZMaSEjomzNdCkLmIQqgxLwrZyQRniYbfFzLDfCjHYxU,ashleyhunter,me-jeddah-1,XtyN:ME-JEDDAH-1-AD-1,ocid1.instance.oci.me-jeddah-1.spvuExvnhsOmwphUASVEWzxBWddijQ,1,,29487269,B10910,Virtual Machine Standard - E2 Micro - Free,,,0,,USD,ONE HOURS OCPUS,OCPU Hours,,false,,default/ashleyhunter@yahoo.com,2022-04-02T13:28:06.000Z,true
V2.voZsILYrRrBMVvXUIeqUCipWqOqeWJEpkIdVbXQP+WvDJEFGEzmFyqVrkXlyw==,ocid1.tenancy.oc1..NIZMaSEjomzNdCkLmIQqgxLwrZyQRniYbfFzLDfCjHYxU,2022-04-02T14:00Z,2022-04-02T15:00Z,COMPUTE,ocid1.tenancy.oc1..NIZMaSEjomzNdCkLmIQqgxLwrZyQRniYbfFzLDfCjHYxU,ashleyhunter,me-jeddah-1,XtyN:ME-JEDDAH-1-AD-1,ocid1.instance.oci.me-jeddah-1.spvuExvnhsOmwphUASVEWzxBWddijQ,1,,29487269,B10910,Virtual Machine Standard - E2 Micro - Free,,,0,,USD,ONE HOURS OCPUS,OCPU Hours,,false,,default/ashleyhunter@yahoo.com,2022-04-02T14:14:34.000Z,
V2.voZsILYrRrBMVvXUIeqUCipWqOqeWJEpkIdVbXQP+sTHWNzJqoastynZjixad==,ocid1.tenancy.oc1..NIZMaSEjomzNdCkLmIQqgxLwrZyQRniYbfFzLDfCjHYxU,2022-04-02T15:00Z,2022-04-02T16:00Z,COMPUTE,ocid1.tenancy.oc1..NIZMaSEjomzNdCkLmIQqgxLwrZyQRniYbfFzLDfCjHYxU,ashleyhunter,me-jeddah-1,XtyN:ME-JEDDAH-1-AD-1,ocid1.instance.oci.me-jeddah-1.spvuExvnhsOmwphUASVEWzxBWddijQ,1,,29487269,B10910,Virtual Machine Standard - E2 Micro - Free,,,0,,USD,ONE HOURS OCPUS,OCPU Hours,,false,,default/ashleyhunter@yahoo.com,,
V2.voZsILYrRrBMVvXUIeqUCipWqOqeWJEpkIdVbXQP+KSpFlfgDiJhYiGbupUah==,ocid1.tenancy.oc1..NIZMaSEjomzNdCkLmIQqgxLwrZyQRniYbfFzLDfCjHYxU,2022-04-02T16:00Z,2022-04-02T17:00Z,COMPUTE,ocid1.tenancy.oc1..NIZMaSEjomzNdCkLmIQqgxLwrZyQRniYbfFzLDfCjHYxU,ashleyhunter,me-jeddah-1,XtyN:ME-JEDDAH-1-AD-1,ocid1.instance.oci.me-jeddah-1.spvuExvnhsOmwphUASVEWzxBWddijQ,1,,29487269,B10910,Virtual Machine Standard - E2 Micro - Free,,,0,,USD,ONE HOURS OCPUS,OCPU Hours,,false,,default/ashleyhunter@yahoo.com,2022-04-02T17:14:40.000Z,
V2.voZsILYrRrBMVvXUIeqUCipWqOqeWJEpkIdVbXQP+drxgcvMKnPHpHMMockBR==,ocid1.tenancy.oc1..NIZMaSEjomzNdCkLmIQqgxLwrZyQRniYbfFzLDfCjHYxU,2022-04-02T17:00Z,2022-04-02T18:00Z,COMPUTE,ocid1.tenancy.oc1..NIZMaSEjomzNdCkLmIQqgxLwrZyQRniYbfFzLDfCjHYxU,ashleyhunter,me-jeddah-1,XtyN:ME-JEDDAH-1-AD-1,ocid1.instance.oci.me-jeddah-1.spvuExvnhsOmwphUASVEWzxBWddijQ,1,,29487269,B10910,Virtual Machine Standard - E2 Micro - Free,,,0,,USD,ONE HOURS OCPUS,OCPU Hours,,false,,default/ashleyhunter@yahoo.com,2022-04-02T17:45:48.000Z,true
V2.voZsILYrRrBMVvXUIeqUCipWqOqeWJEpkIdVbXQP+ghFDCtLWkTzThvmLBKVi==,ocid1.tenancy.oc1..NIZMaSEjomzNdCkLmIQqgxLwrZyQRniYbfFzLDfCjHYxU,2022-04-02T18:00Z,2022-04-02T19:00Z,COMPUTE,ocid1.tenancy.oc1..NIZMaSEjomzNdCkLmIQqgxLwrZyQRniYbfFzLDfCjHYxU,ashleyhunter,me-jeddah-1,XtyN:ME-JEDDAH-1-AD-1,ocid1.instance.oci.me-jeddah-1.spvuExvnhsOmwphUASVEWzxBWddijQ,1,,29487269,B10910,Virtual Machine Standard - E2 Micro - Free,,,0,,USD,ONE HOURS OCPUS,OCPU Hours,,false,,default/ashleyhunter@yahoo.com,,true
V2.voZsILYrRrBMVvXUIeqUCipWqOqeWJEpkIdVbXQP+CAjksVBNrveYdmRQsKeQ==,ocid1.tenancy.oc1..NIZMaSEjomzNdCkLmIQqgxLwrZyQRniYbfFzLDfCjHYxU,2022-04-02T19:00Z,2022-04-02T20:00Z,COMPUTE,ocid1.tenancy.oc1..NIZMaSEjomzNdCkLmIQqgxLwrZyQRniYbfFzLDfCjHYxU,ashleyhunter,me-jeddah-1,XtyN:ME-JEDDAH-1-AD-1,ocid1.instance.oci.me-jeddah-1.spvuExvnhsOmwphUASVEWzxBWddijQ,1,,29487269,B10910,Virtual Machine Standard - E2 Micro - Free,,,0,,USD,ONE HOURS OCPUS,OCPU Hours,,false,,default/ashleyhunter@yahoo.com,2022-04-02T20:43:12.000Z,
V2.voZsILYrRrBMVvXUIeqUCipWqOqeWJEpkIdVbXQP+pbNftPXAsLTBItpBTRMD==,ocid1.tenancy.oc1..NIZMaSEjomzNdCkLmIQqgxLwrZyQRniYbfFzLDfCjHYxU,2022-04-02T20:00Z,2022-04-02T21:00Z,COMPUTE,ocid1.tenancy.oc1..NIZMaSEjomzNdCkLmIQqgxLwrZyQRniYbfFzLDfCjHYxU,ashleyhunter,me-jeddah-1,XtyN:ME-JEDDAH-1-AD-1,ocid1.instance.oci.me-jeddah-1.spvuExvnhsOmwphUASVEWzxBWddijQ,1,,29487269,B10910,Virtual Machine Standard - E2 Micro - Free,,,0,,USD,ONE HOURS OCPUS,OCPU Hours,,false,,default/ashleyhunter@yahoo.com,2022-04-02T21:39:24.000Z,true
V2.voZsILYrRrBMVvXUIeqUCipWqOqeWJEpkIdVbXQP+EHXtEfBjlyndABnFdZmh==,ocid1.tenancy.oc1..NIZMaSEjomzNdCkLmIQqgxLwrZyQRniYbfFzLDfCjHYxU,2022-04-02T21:00Z,2022-04-02T22:00Z,COMPUTE,ocid1.tenancy.oc1..NIZMaSEjomzNdCkLmIQqgxLwrZyQRniYbfFzLDfCjHYxU,ashleyhunter,me-jeddah-1,XtyN:ME-JEDDAH-1-AD-1,ocid1.instance.oci.me-jeddah-1.spvuExvnhsOmwphUASVEWzxBWddijQ,1,,29487269,B10910,Virtual Machine Standard - E2 Micro - Free,,,0,,USD,ONE HOURS OCPUS,OCPU Hours,,false,,default/ashleyhunter@yahoo.com,2022-04-02T22:23:32.000Z,
V2.voZsILYrRrBMVvXUIeqUCipWqOqeWJEpkIdVbXQP+uwUKTytlUHhwXUorSRKR==,ocid1.tenancy.oc1..NIZMaSEjomzNdCkLmIQqgxLwrZyQRniYbfFzLDfCjHYxU,2022-04-02T22:00Z,2022-04-02T23:00Z,COMPUTE,ocid1.tenancy.oc1..NIZMaSEjomzNdCkLmIQqgxLwrZyQRniYbfFzLDfCjHYxU,ashleyhunter,me-jeddah-1,XtyN:ME-JEDDAH-1-AD-1,ocid1.instance.oci.me-jeddah-1.spvuExvnhsOmwphUASVEWzxBWddijQ,1,,29487269,B10910,Virtual Machine Standard - E2 Micro - Free,,,0,,USD,ONE HOURS OCPUS,OCPU Hours,,false,,default/ashleyhunter@yahoo.com,2022-04-02T23:44:07.000Z,
V2.voZsILYrRrBMVvXUIeqUCipWqOqeWJEpkIdVbXQP+hjmBxSyVEzGRArJmklPS==,ocid1.tenancy.oc1..NIZMaSEjomzNdCkLmIQqgxLwrZyQRniYbfFzLDfCjHYxU,2022-04-02T23:00Z,2022-04-03T00:00Z,COMPUTE,ocid1.tenancy.oc1..NIZMaSEjomzNdCkLmIQqgxLwrZyQRniYbfFzLDfCjHYxU,ashleyhunter,me-jeddah-1,XtyN:ME-JEDDAH-1-AD-1,ocid1.instance.oci.me-jeddah-1.spvuExvnhsOmwphUASVEWzxBWddijQ,1,,29487269,B10910,Virtual Machine Standard - E2 Micro - Free,,,0,,USD,ONE HOURS OCPUS,OCPU Hours,,false,,default/ashleyhunter@yahoo.com,,true
V2.voZsILYrRrBMVvXUIeqUCipWqOqeWJEpkIdVbXQP+djkiuEKCcuGaFzuzhjsq==,ocid1.tenancy.oc1..NIZMaSEjomzNdCkLmIQqgxLwrZyQRniYbfFzLDfCjHYxU,2022-04-03T00:00Z,2022-04-03T01:00Z,COMPUTE,ocid1.tenancy.oc1..NIZMaSEjomzNdCkLmIQqgxLwrZyQRniYbfFzLDfCjHYxU,ashleyhunter,me-jeddah-1,XtyN:ME-JEDDAH-1-AD-1,ocid1.instance.oci.me-jeddah-1.spvuExvnhsOmwphUASVEWzxBWddijQ,1,,29487269,B10910,Virtual Machine Standard - E2 Micro - Free,,,0,,USD,ONE HOURS OCPUS,OCPU Hours,,false,,default/ashleyhunter@yahoo.com,2022-04-03T01:32:20.000Z,
V2.voZsILYrRrBMVvXUIeqUCipWqOqeWJEpkIdVbXQP+lqZXaavxYdavOSaoExsM==,ocid1.tenancy.oc1..NIZMaSEjomzNdCkLmIQqgxLwrZyQRniYbfFzLDfCjHYxU,2022-04-03T01:00Z,2022-04-03T02:00Z,COMPUTE,ocid1.tenancy.oc1..NIZMaSEjomzNdCkLmIQqgxLwrZyQRniYbfFzLDfCjHYxU,ashleyhunter,me-jeddah-1,XtyN:ME-JEDDAH-1-AD-1,ocid1.instance.oci.me-jeddah-1.spvuExvnhsOmwphUASVEWzxBWddijQ,1,,29487269,B10910,Virtual Machine Standard - E2 Micro - Free,,,0,,USD,ONE HOURS OCPUS,OCPU Hours,,false,,default/ashleyhunter@yahoo.com,2022-04-03T02:47:25.000Z,
V2.voZsILYrRrBMVvXUIeqUCipWqOqeWJEpkIdVbXQP+yJnQxvCIlgrLjGPsYvew==,ocid1.tenancy.oc1..NIZMaSEjomzNdCkLmIQqgxLwrZyQRniYbfFzLDfCjHYxU,2022-04-03T02:00Z,2022-04-03T03:00Z,COMPUTE,ocid1.tenancy.oc1..NIZMaSEjomzNdCkLmIQqgxLwrZyQRniYbfFzLDfCjHYxU,ashleyhunter,me-jeddah-1,XtyN:ME-JEDDAH-1-AD-1,ocid1.instance.oci.me-jeddah-1.spvuExvnhsOmwphUASVEWzxBWddijQ,1,,29487269,B10910,Virtual Machine Standard - E2 Micro - Free,,,0,,USD,ONE HOURS OCPUS,OCPU Hours,,false,,default/ashleyhunter@yahoo.com,2022-04-03T02:43:07.000Z,
V2.voZsILYrRrBMVvXUIeqUCipWqOqeWJEpkIdVbXQP+LuKLiCpyksnKkILArfIQ==,ocid1.tenancy.oc1..NIZMaSEjomzNdCkLmIQqgxLwrZyQRniYbfFzLDfCjHYxU,2022-04-03T03:00Z,2022-04-03T04:00Z,COMPUTE,ocid1.tenancy.oc1..NIZMaSEjomzNdCkLmIQqgxLwrZyQRniYbfFzLDfCjHYxU,ashleyhunter,me-jeddah-1,XtyN:ME-JEDDAH-1-AD-1,ocid1.instance.oci.me-jeddah-1.spvuExvnhsOmwphUASVEWzxBWddijQ,1,,29487269,B10910,Virtual Machine Standard - E2 Micro - Free,,,0,,USD,ONE HOURS OCPUS,OCPU Hours,,false,,default/ashleyhunter@yahoo.com,,
V2.voZsILYrRrBMVvXUIeqUCipWqOqeWJEpkIdVbXQP+IUiJnyYTwhhWKCGQJqBT==,ocid1.tenancy.oc1..NIZMaSEjomzNdCkLmIQqgxLwrZyQRniYbfFzLDfCjHYxU,2022-04-03T04:00Z,2022-04-03T05:00Z,COMPUTE,ocid1.tenancy.oc1..NIZMaSEjomzNdCkLmIQqgxLwrZyQRniYbfFzLDfCjHYxU,ashleyhunter,me-jeddah-1,XtyN:ME-JEDDAH-1-AD-1,ocid1.instance.oci.me-jeddah-1.spvuExvnhsOmwphUASVEWzxBWddijQ,1,,29487269,B10910,Virtual Machine Standard - E2 Micro - Free,,,0,,USD,ONE HOURS OCPUS,OCPU Hours,,false,,default/ashleyhunter@yahoo.com,2022-04-03T05:28:19.000Z,
V2.voZsILYrRrBMVvXUIeqUCipWqOqeWJEpkIdVbXQP+UBIBiXDDzxWNUmcmgzwS==,ocid1.tenancy.oc1..NIZMaSEjomzNdCkLmIQqgxLwrZyQRniYbfFzLDfCjHYxU,2022-04-03T05:00Z,2022-04-03T06:00Z,COMPUTE,ocid1.tenancy.oc1..NIZMaSEjomzNdCkLmIQqgxLwrZyQRniYbfFzLDfCjHYxU,ashleyhunter,me-jeddah-1,XtyN:ME-JEDDAH-1-AD-1,ocid1.instance.oci.me-jeddah-1.spvuExvnhsOmwphUASVEWzxBWddijQ,1,,29487269,B10910,Virtual Machine Standard - E2 Micro - Free,,,0,,USD,ONE HOURS OCPUS,OCPU Hours,,false,,default/ashleyhunter@yahoo.com,2022-04-03T06:41:07.000Z,true
V2.voZsILYrRrBMVvXUIeqUCipWqOqeWJEpkIdVbXQP+UfyqJhcrSKbEFzTcXtaJ==,ocid1.tenancy.oc1..NIZMaSEjomzNdCkLmIQqgxLwrZyQRniYbfFzLDfCjHYxU,2022-04-03T06:00Z,2022-04-03T07:00Z,COMPUTE,ocid1.tenancy.oc1..NIZMaSEjomzNdCkLmIQqgxLwrZyQRniYbfFzLDfCjHYxU,ashleyhunter,me-jeddah-1,XtyN:ME-JEDDAH-1-AD-1,ocid1.instance.oci.me-jeddah-1.spvuExvnhsOmwphUASVEWzxBWddijQ,1,,29487269,B10910,Virtual Machine Standard - E2 Micro - Free,,,0,,USD,ONE HOURS OCPUS,OCPU Hours,,false,,default/ashleyhunter@yahoo.com,2022-04-03T06:44:04.000Z,
V2.voZsILYrRrBMVvXUIeqUCipWqOqeWJEpkIdVbXQP+QFAXVNnwyOvzWkeUkMVn==,ocid1.tenancy.oc1..NIZMaSEjomzNdCkLmIQqgxLwrZyQRniYbfFzLDfCjHYxU,2022-04-03T07:00Z,2022-04-03T08:00Z,COMPUTE,ocid1.tenancy.oc1..NIZMaSEjomzNdCkLmIQqgxLwrZyQRniYbfFzLDfCjHYxU,ashleyhunter,me-jeddah-1,XtyN:ME-JEDDAH-1-AD-1,ocid1.instance.oci.me-jeddah-1.spvuExvnhsOmwphUASVEWzxBWddijQ,1,,29487269,B10910,Virtual Machine Standard - E2 Micro - Free,,,0,,USD,ONE HOURS OCPUS,OCPU Hours,,false,,default/ashleyhunter@yahoo.com,2022-04-03T08:39:43.000Z,true
V2.voZsILYrRrBMVvXUIeqUCipWqOqeWJEpkIdVbXQP+WikHBimdzKWrqaJefZBu==,ocid1.tenancy.oc1..NIZMaSEjomzNdCkLmIQqgxLwrZyQRniYbfFzLDfCjHYxU,2022-04-03T08:00Z,2022-04-03T09:00Z,COMPUTE,ocid1.tenancy.oc1..NIZMaSEjomzNdCkLmIQqgxLwrZyQRniYbfFzLDfCjHYxU,ashleyhunter,me-jeddah-1,XtyN:ME-JEDDAH-1-AD-1,ocid1.instance.oci.me-jeddah-1.spvuExvnhsOmwphUASVEWzxBWddijQ,1,,29487269,B10910,Virtual Machine Standard - E2 Micro - Free,,,0,,USD,ONE HOURS OCPUS,OCPU Hours,,false,,default/ashleyhunter@yahoo.com,2022-04-03T09:14:08.000Z,
V2.voZsILYrRrBMVvXUIeqUCipWqOqeWJEpkIdVbXQP+slIQXDineTCJfooxylZA==,ocid1.tenancy.oc1..NIZMaSEjomzNdCkLmIQqgxLwrZyQRniYbfFzLDfCjHYxU,2022-04-03T09:00Z,2022-04-03T10:00Z,COMPUTE,ocid1.tenancy.oc1..NIZMaSEjomzNdCkLmIQqgxLwrZyQRniYbfFzLDfCjHYxU,ashleyhunter,me-jeddah-1,XtyN:ME-JEDDAH-1-AD-1,ocid1.instance.oci.me-jeddah-1.spvuExvnhsOmwphUASVEWzxBWddijQ,1,,29487269,B10910,Virtual Machine Standard - E2 Micro - Free,,,0,,USD,ONE HOURS OCPUS,OCPU Hours,,false,,default/ashleyhunter@yahoo.com,2022-04-03T10:13:24.000Z,true
V2.voZsILYrRrBMVvXUIeqUCipWqOqeWJEpkIdVbXQP+twBkduYYLQNgvBhCSGcC==,ocid1.tenancy.oc1..NIZMaSEjomzNdCkLmIQqgxLwrZyQRniYbfFzLDfCjHYxU,2022-04-03T10:00Z,2022-04-03T11:00Z,COMPUTE,ocid1.tenancy.oc1..NIZMaSEjomzNdCkLmIQqgxLwrZyQRniYbfFzLDfCjHYxU,ashleyhunter,me-jeddah-1,XtyN:ME-JEDDAH-1-AD-1,ocid1.instance.oci.me-jeddah-1.spvuExvnhsOmwphUASVEWzxBWddijQ,1,,29487269,B10910,Virtual Machine Standard - E2 Micro - Free,,,0,,USD,ONE HOURS OCPUS,OCPU Hours,,false,,default/ashleyhunter@yahoo.com,2022-04-03T10:10:33.000Z,true
V2.voZsILYrRrBMVvXUIeqUCipWqOqeWJEpkIdVbXQP+bfoMKychGXAHIaCxKNIf==,ocid1.tenancy.oc1..NIZMaSEjomzNdCkLmIQqgxLwrZyQRniYbfFzLDfCjHYxU,2022-04-03T11:00Z,2022-04-03T12:00Z,COMPUTE,ocid1.tenancy.oc1..NIZMaSEjomzNdCkLmIQqgxLwrZyQRniYbfFzLDfCjHYxU,ashleyhunter,me-jeddah-1,XtyN:ME-JEDDAH-1-AD-1,ocid1.instance.oci.me-jeddah-1.spvuExvnhsOmwphUASVEWzxBWddijQ,1,,29487269,B10910,Virtual Machine Standard - E2 Micro - Free,,,0,,USD,ONE HOURS OCPUS,OCPU Hours,,false,,default/ashleyhunter@yahoo.com,,
V2.voZsILYrRrBMVvXUIeqUCipWqOqeWJEpkIdVbXQP+fUNwpkUkoBULeOkYtVqy==,ocid1.tenancy.oc1..NIZMaSEjomzNdCkLmIQqgxLwrZyQRniYbfFzLDfCjHYxU,2022-04-03T12:00Z,2022-04-03T13:00Z,COMPUTE,ocid1.tenancy.oc1..NIZMaSEjomzNdCkLmIQqgxLwrZyQRniYbfFzLDfCjHYxU,ashleyhunter,me-jeddah-1,XtyN:ME-JEDDAH-1-AD-1,ocid1.instance.oci.me-jeddah-1.spvuExvnhsOmwphUASVEWzxBWddijQ,1,,29487269,B10910,Virtual Machine Standard - E2 Micro - Free,,,0,,USD,ONE HOURS OCPUS,OCPU Hours,,false,,default/ashleyhunter@yahoo.com,,
V2.voZsILYrRrBMVvXUIeqUCipWqOqeWJEpkIdVbXQP+JakiruSTzAdfutFCQToz==,ocid1.tenancy.oc1..NIZMaSEjomzNdCkLmIQqgxLwrZyQRniYbfFzLDfCjHYxU,2022-04-03T13:00Z,2022-04-03T14:00Z,COMPUTE,ocid1.tenancy.oc1..NIZMaSEjomzNdCkLmIQqgxLwrZyQRniYbfFzLDfCjHYxU,ashleyhunter,me-jeddah-1,XtyN:ME-JEDDAH-1-AD-1,ocid1.instance.oci.me-jeddah-1.spvuExvnhsOmwphUASVEWzxBWddijQ,1,,29487269,B10910,Virtual Machine Standard - E2 Micro - Free,,,0,,USD,ONE HOURS OCPUS,OCPU Hours,,false,,default/ashleyhunter@yahoo.com,,
V2.voZsILYrRrBMVvXUIeqUCipWqOqeWJEpkIdVbXQP+xzTfXfvvVUDxRuJOtJQG==,ocid1.tenancy.oc1..NIZMaSEjomzNdCkLmIQqgxLwrZyQRniYbfFzLDfCjHYxU,2022-04-03T14:00Z,2022-04-03T15:00Z,COMPUTE,ocid1.tenancy.oc1..NIZMaSEjomzNdCkLmIQqgxLwrZyQRniYbfFzLDfCjHYxU,ashleyhunter,me-jeddah-1,XtyN:ME-JEDDAH-1-AD-1,ocid1.instance.oci.me-jeddah-1.spvuExvnhsOmwphUASVEWzxBWddijQ,1,,29487269,B10910,Virtual Machine Standard - E2 Micro - Free,,,0,,USD,ONE HOURS OCPUS,OCPU Hours,,false,,default/ashleyhunter@yahoo.com,,true
V2.voZsILYrRrBMVvXUIeqUCipWqOqeWJEpkIdVbXQP+TRbqgcaZwYJaCCYtCrGW==,ocid1.tenancy.oc1..NIZMaSEjomzNdCkLmIQqgxLwrZyQRniYbfFzLDfCjHYxU,2022-04-03T15:00Z,2022-04-03T16:00Z,COMPUTE,ocid1.tenancy.oc1..NIZMaSEjomzNdCkLmIQqgxLwrZyQRniYbfFzLDfCjHYxU,ashleyhunter,me-jeddah-1,XtyN:ME-JEDDAH-1-AD-1,ocid1.instance.oci.me-jeddah-1.spvuExvnhsOmwphUASVEWzxBWddijQ,1,,29487269,B10910,Virtual Machine Standard - E2 Micro - Free,,,0,,USD,ONE HOURS OCPUS,OCPU Hours,,false,,default/ashleyhunter@yahoo.com,,true
V2.voZsILYrRrBMVvXUIeqUCipWqOqeWJEpkIdVbXQP+gbNSgTtvojDgzvKEKjCV==,ocid1.tenancy.oc1..NIZMaSEjomzNdCkLmIQqgxLwrZyQRniYbfFzLDfCjHYxU,2022-04-03T16:00Z,2022-04-03T17:00Z,COMPUTE,ocid1.tenancy.oc1..NIZMaSEjomzNdCkLmIQqgxLwrZyQRniYbfFzLDfCjHYxU,ashleyhunter,me-jeddah-1,XtyN:ME-JEDDAH-1-AD-1,ocid1.instance.oci.me-jeddah-1.spvuExvnhsOmwphUASVEWzxBWddijQ,1,,29487269,B10910,Virtual Machine Standard - E2 Micro - Free,,,0,,USD,ONE HOURS OCPUS,OCPU Hours,,false,,default/ashleyhunter@yahoo.com,2022-04-03T17:40:17.000Z,true
V2.voZsILYrRrBMVvXUIeqUCipWqOqeWJEpkIdVbXQP+hOGrHNSvjwUKUEAGaCjs==,ocid1.tenancy.oc1..NIZMaSEjomzNdCkLmIQqgxLwrZyQRniYbfFzLDfCjHYxU,2022-04-03T17:00Z,2022-04-03T18:00Z,COMPUTE,ocid1.tenancy.oc1..NIZMaSEjomzNdCkLmIQqgxLwrZyQRniYbfFzLDfCjHYxU,ashleyhunter,me-jeddah-1,XtyN:ME-JEDDAH-1-AD-1,ocid1.instance.oci.me-jeddah-1.spvuExvnhsOmwphUASVEWzxBWddijQ,1,,29487269,B10910,Virtual Machine Standard - E2 Micro - Free,,,0,,USD,ONE HOURS OCPUS,OCPU Hours,,false,,default/ashleyhunter@yahoo.com,2022-04-03T17:17:31.000Z,true
V2.voZsILYrRrBMVvXUIeqUCipWqOqeWJEpkIdVbXQP+NBYYLpeuZhNJYyHlFaVQ==,ocid1.tenancy.oc1..NIZMaSEjomzNdCkLmIQqgxLwrZyQRniYbfFzLDfCjHYxU,2022-04-03T18:00Z,2022-04-03T19:00Z,COMPUTE,ocid1.tenancy.oc1..NIZMaSEjomzNdCkLmIQqgxLwrZyQRniYbfFzLDfCjHYxU,ashleyhunter,me-jeddah-1,XtyN:ME-JEDDAH-1-AD-1,ocid1.instance.oci.me-jeddah-1.spvuExvnhsOmwphUASVEWzxBWddijQ,1,,29487269,B10910,Virtual Machine Standard - E2 Micro - Free,,,0,,USD,ONE HOURS OCPUS,OCPU Hours,,false,,default/ashleyhunter@yahoo.com,,
V2.voZsILYrRrBMVvXUIeqUCipWqOqeWJEpkIdVbXQP+mkHXDTKZLXYgwVANFZqC==,ocid1.tenancy.oc1..NIZMaSEjomzNdCkLmIQqgxLwrZyQRniYbfFzLDfCjHYxU,2022-04-03T19:00Z,2022-04-03T20:00Z,COMPUTE,ocid1.tenancy.oc1..NIZMaSEjomzNdCkLmIQqgxLwrZyQRniYbfFzLDfCjHYxU,ashleyhunter,me-jeddah-1,XtyN:ME-JEDDAH-1-AD-1,ocid1.instance.oci.me-jeddah-1.spvuExvnhsOmwphUASVEWzxBWddijQ,1,,29487269,B10910,Virtual Machine Standard - E2 Micro - Free,,,0,,USD,ONE HOURS OCPUS,OCPU Hours,,false,,default/ashleyhunter@yahoo.com,2022-04-03T19:28:30.000Z,
V2.voZsILYrRrBMVvXUIeqUCipWqOqeWJEpkIdVbXQP+YqHNALMtCHPvXqQNZOqB==,ocid1.tenancy.oc1..NIZMaSEjomzNdCkLmIQqgxLwrZyQRniYbfFzLDfCjHYxU,2022-04-03T20:00Z,2022-04-03T21:00Z,COMPUTE,ocid1.tenancy.oc1..NIZMaSEjomzNdCkLmIQqgxLwrZyQRniYbfFzLDfCjHYxU,ashleyhunter,me-jeddah-1,XtyN:ME-JEDDAH-1-AD-1,ocid1.instance.oci.me-jeddah-1.spvuExvnhsOmwphUASVEWzxBWddijQ,1,,29487269,B10910,Virtual Machine Standard - E2 Micro - Free,,,0,,USD,ONE HOURS OCPUS,OCPU Hours,,false,,default/ashleyhunter@yahoo.com,2022-04-03T20:07:25.000Z,true
V2.voZsILYrRrBMVvXUIeqUCipWqOqeWJEpkIdVbXQP+jiUiGwmSfAsFTNbjYVTt==,ocid1.tenancy.oc1..NIZMaSEjomzNdCkLmIQqgxLwrZyQRniYbfFzLDfCjHYxU,2022-04-03T21:00Z,2022-04-03T22:00Z,COMPUTE,ocid1.tenancy.oc1..NIZMaSEjomzNdCkLmIQqgxLwrZyQRniYbfFzLDfCjHYxU,ashleyhunter,me-jeddah-1,XtyN:ME-JEDDAH-1-AD-1,ocid1.instance.oci.me-jeddah-1.spvuExvnhsOmwphUASVEWzxBWddijQ,1,,29487269,B10910,Virtual Machine Standard - E2 Micro - Free,,,0,,USD,ONE HOURS OCPUS,OCPU Hours,,false,,default/ashleyhunter@yahoo.com,2022-04-03T21:30:33.000Z,true
V2.voZsILYrRrBMVvXUIeqUCipWqOqeWJEpkIdVbXQP+BOPfQIOrnNDZwgRvPRHe==,ocid1.tenancy.oc1..NIZMaSEjomzNdCkLmIQqgxLwrZyQRniYbfFzLDfCjHYxU,2022-04-03T22:00Z,2022-04-03T23:00Z,COMPUTE,ocid1.tenancy.oc1..NIZMaSEjomzNdCkLmIQqgxLwrZyQRniYbfFzLDfCjHYxU,ashleyhunter,me-jeddah-1,XtyN:ME-JEDDAH-1-AD-1,ocid1.instance.oci.me-jeddah-1.spvuExvnhsOmwphUASVEWzxBWddijQ,1,,29487269,B10910,Virtual Machine Standard - E2 Micro - Free,,,0,,USD,ONE HOURS OCPUS,OCPU Hours,,false,,default/ashleyhunter@yahoo.com,2022-04-03T22:06:30.000Z,true
V2.voZsILYrRrBMVvXUIeqUCipWqOqeWJEpkIdVbXQP+GhQsXRcIvPNQsGcMQxwd==,ocid1.tenancy.oc1..NIZMaSEjomzNdCkLmIQqgxLwrZyQRniYbfFzLDfCjHYxU,2022-04-03T23:00Z,2022-04-04T00:00Z,COMPUTE,ocid1.tenancy.oc1..NIZMaSEjomzNdCkLmIQqgxLwrZyQRniYbfFzLDfCjHYxU,ashleyhunter,me-jeddah-1,XtyN:ME-JEDDAH-1-AD-1,ocid1.instance.oci.me-jeddah-1.spvuExvnhsOmwphUASVEWzxBWddijQ,1,,29487269,B10910,Virtual Machine Standard - E2 Micro - Free,,,0,,USD,ONE HOURS OCPUS,OCPU Hours,,false,,default/ashleyhunter@yahoo.com,,true
V2.voZsILYrRrBMVvXUIeqUCipWqOqeWJEpkIdVbXQP+KgCzLGhxUTSOhRDFdinn==,ocid1.tenancy.oc1..NIZMaSEjomzNdCkLmIQqgxLwrZyQRniYbfFzLDfCjHYxU,2022-04-04T00:00Z,2022-04-04T01:00Z,COMPUTE,ocid1.tenancy.oc1..NIZMaSEjomzNdCkLmIQqgxLwrZyQRniYbfFzLDfCjHYxU,ashleyhunter,me-jeddah-1,XtyN:ME-JEDDAH-1-AD-1,ocid1.instance.oci.me-jeddah-1.spvuExvnhsOmwphUASVEWzxBWddijQ,1,,29487269,B10910,Virtual Machine Standard - E2 Micro - Free,,,0,,USD,ONE HOURS OCPUS,OCPU Hours,,false,,default/ashleyhunter@yahoo.com,,true
V2.voZsILYrRrBMVvXUIeqUCipWqOqeWJEpkIdVbXQP+mwvVgdIoeWvioPcwSvQV==,ocid1.tenancy.oc1..NIZMaSEjomzNdCkLmIQqgxLwrZyQRniYbfFzLDfCjHYxU,2022-04-04T01:00Z,2022-04-04T02:00Z,COMPUTE,ocid1.tenancy.oc1..NIZMaSEjomzNdCkLmIQqgxLwrZyQRniYbfFzLDfCjHYxU,ashleyhunter,me-jeddah-1,XtyN:ME-JEDDAH-1-AD-1,ocid1.instance.oci.me-jeddah-1.spvuExvnhsOmwphUASVEWzxBWddijQ,1,,29487269,B10910,Virtual Machine Standard - E2 Micro - Free,,,0,,USD,ONE HOURS OCPUS,OCPU Hours,,false,,default/ashleyhunter@yahoo.com,2022-04-04T02:45:41.000Z,true
V2.voZsILYrRrBMVvXUIeqUCipWqOqeWJEpkIdVbXQP+GkJmHtFImSCfQBLrtvaj==,ocid1.tenancy.oc1..NIZMaSEjomzNdCkLmIQqgxLwrZyQRniYbfFzLDfCjHYxU,2022-04-04T02:00Z,2022-04-04T03:00Z,COMPUTE,ocid1.tenancy.oc1..NIZMaSEjomzNdCkLmIQqgxLwrZyQRniYbfFzLDfCjHYxU,ashleyhunter,me-jeddah-1,XtyN:ME-JEDDAH-1-AD-1,ocid1.instance.oci.me-jeddah-1.spvuExvnhsOmwphUASVEWzxBWddijQ,1,,29487269,B10910,Virtual Machine Standard - E2 Micro - Free,,,0,,USD,ONE HOURS OCPUS,OCPU Hours,,false,,default/ashleyhunter@yahoo.com,,
V2.voZsILYrRrBMVvXUIeqUCipWqOqeWJEpkIdVbXQP+TpFfkZwDjSuhRyYVxntU==,ocid1.tenancy.oc1..NIZMaSEjomzNdCkLmIQqgxLwrZyQRniYbfFzLDfCjHYxU,2022-04-04T03:00Z,2022-04-04T04:00Z,COMPUTE,ocid1.tenancy.oc1..NIZMaSEjomzNdCkLmIQqgxLwrZyQRniYbfFzLDfCjHYxU,ashleyhunter,me-jeddah-1,XtyN:ME-JEDDAH-1-AD-1,ocid1.instance.oci.me-jeddah-1.spvuExvnhsOmwphUASVEWzxBWddijQ,1,,29487269,B10910,Virtual Machine Standard - E2 Micro - Free,,,0,,USD,ONE HOURS OCPUS,OCPU Hours,,false,,default/ashleyhunter@yahoo.com,2022-04-04T03:09:36.000Z,
V2.voZsILYrRrBMVvXUIeqUCipWqOqeWJEpkIdVbXQP+xVJIBKwTlEYyLgGjCdda==,ocid1.tenancy.oc1..NIZMaSEjomzNdCkLmIQqgxLwrZyQRniYbfFzLDfCjHYxU,2022-04-04T04:00Z,2022-04-04T05:00Z,COMPUTE,ocid1.tenancy.oc1..NIZMaSEjomzNdCkLmIQqgxLwrZyQRniYbfFzLDfCjHYxU,ashleyhunter,me-jeddah-1,XtyN:ME-JEDDAH-1-AD-1,ocid1.instance.oci.me-jeddah-1.spvuExvnhsOmwphUASVEWzxBWddijQ,1,,29487269,B10910,Virtual Machine Standard - E2 Micro - Free,,,0,,USD,ONE HOURS OCPUS,OCPU Hours,,false,,default/ashleyhunter@yahoo.com,2022-04-04T05:35:12.000Z,
V2.voZsILYrRrBMVvXUIeqUCipWqOqeWJEpkIdVbXQP+BrwAbVwUJsXziMECdehG==,ocid1.tenancy.oc1..NIZMaSEjomzNdCkLmIQqgxLwrZyQRniYbfFzLDfCjHYxU,2022-04-04T05:00Z,2022-04-04T06:00Z,COMPUTE,ocid1.tenancy.oc1..NIZMaSEjomzNdCkLmIQqgxLwrZyQRniYbfFzLDfCjHYxU,ashleyhunter,me-jeddah-1,XtyN:ME-JEDDAH-1-AD-1,ocid1.instance.oci.me-jeddah-1.spvuExvnhsOmwphUASVEWzxBWddijQ,1,,29487269,B10910,Virtual Machine Standard - E2 Micro - Free,,,0,,USD,ONE HOURS OCPUS,OCPU Hours,,false,,default/ashleyhunter@yahoo.com,2022-04-04T05:07:13.000Z,
V2.voZsILYrRrBMVvXUIeqUCipWqOqeWJEpkIdVbXQP+sVOtuBPlDBiZVQwEHwaq==,ocid1.tenancy.oc1..NIZMaSEjomzNdCkLmIQqgxLwrZyQRniYbfFzLDfCjHYxU,2022-04-04T06:00Z,2022-04-04T07:00Z,COMPUTE,ocid1.tenancy.oc1..NIZMaSEjomzNdCkLmIQqgxLwrZyQRniYbfFzLDfCjHYxU,ashleyhunter,me-jeddah-1,XtyN:ME-JEDDAH-1-AD-1,ocid1.instance.oci.me-jeddah-1.spvuExvnhsOmwphUASVEWzxBWddijQ,1,,29487269,B10910,Virtual Machine Standard - E2 Micro - Free,,,0,,USD,ONE HOURS OCPUS,OCPU Hours,,false,,default/ashleyhunter@yahoo.com,2022-04-04T06:43:16.000Z,
V2.voZsILYrRrBMVvXUIeqUCipWqOqeWJEpkIdVbXQP+iGrwEsGNwuHOMBXuqVQk==,ocid1.tenancy.oc1..NIZMaSEjomzNdCkLmIQqgxLwrZyQRniYbfFzLDfCjHYxU,2022-04-04T07:00Z,2022-04-04T08:00Z,COMPUTE,ocid1.tenancy.oc1..NIZMaSEjomzNdCkLmIQqgxLwrZyQRniYbfFzLDfCjHYxU,ashleyhunter,me-jeddah-1,XtyN:ME-JEDDAH-1-AD-1,ocid1.instance.oci.me-jeddah-1.spvuExvnhsOmwphUASVEWzxBWddijQ,1,,29487269,B10910,Virtual Machine Standard - E2 Micro - Free,,,0,,USD,ONE HOURS OCPUS,OCPU Hours,,false,,default/ashleyhunter@yahoo.com,,true
V2.voZsILYrRrBMVvXUIeqUCipWqOqeWJEpkIdVbXQP+uZmxCsWzTiAcGtgugpnc==,ocid1.tenancy.oc1..NIZMaSEjomzNdCkLmIQqgxLwrZyQRniYbfFzLDfCjHYxU,2022-04-04T08:00Z,2022-04-04T09:00Z,COMPUTE,ocid1.tenancy.oc1..NIZMaSEjomzNdCkLmIQqgxLwrZyQRniYbfFzLDfCjHYxU,ashleyhunter,me-jeddah-1,XtyN:ME-JEDDAH-1-AD-1,ocid1.instance.oci.me-jeddah-1.spvuExvnhsOmwphUASVEWzxBWddijQ,1,,29487269,B10910,Virtual Machine Standard - E2 Micro - Free,,,0,,USD,ONE HOURS OCPUS,OCPU Hours,,false,,default/ashleyhunter@yahoo.com,2022-04-04T08:32:48.000Z,
V2.voZsILYrRrBMVvXUIeqUCipWqOqeWJEpkIdVbXQP+hTrTbwxFCgBETQQgCrMc==,ocid1.tenancy.oc1..NIZMaSEjomzNdCkLmIQqgxLwrZyQRniYbfFzLDfCjHYxU,2022-04-04T09:00Z,2022-04-04T10:00Z,COMPUTE,ocid1.tenancy.oc1..NIZMaSEjomzNdCkLmIQqgxLwrZyQRniYbfFzLDfCjHYxU,ashleyhunter,me-jeddah-1,XtyN:ME-JEDDAH-1-AD-1,ocid1.instance.oci.me-jeddah-1.spvuExvnhsOmwphUASVEWzxBWddijQ,1,,29487269,B10910,Virtual Machine Standard - E2 Micro - Free,,,0,,USD,ONE HOURS OCPUS,OCPU Hours,,false,,default/ashleyhunter@yahoo.com,2022-04-04T09:20:06.000Z,true
V2.voZsILYrRrBMVvXUIeqUCipWqOqeWJEpkIdVbXQP+iyaBJBgxzWReYSeHWClK==,ocid1.tenancy.oc1..NIZMaSEjomzNdCkLmIQqgxLwrZyQRniYbfFzLDfCjHYxU,2022-04-04T10:00Z,2022-04-04T11:00Z,COMPUTE,ocid1.tenancy.oc1..NIZMaSEjomzNdCkLmIQqgxLwrZyQRniYbfFzLDfCjHYxU,ashleyhunter,me-jeddah-1,XtyN:ME-JEDDAH-1-AD-1,ocid1.instance.oci.me-jeddah-1.spvuExvnhsOmwphUASVEWzxBWddijQ,1,,29487269,B10910,Virtual Machine Standard - E2 Micro - Free,,,0,,USD,ONE HOURS OCPUS,OCPU Hours,,false,,default/ashleyhunter@yahoo.com,2022-04-04T11:42:49.000Z,
V2.voZsILYrRrBMVvXUIeqUCipWqOqeWJEpkIdVbXQP+ooJGWZbeTloAfFNQSZYS==,ocid1.tenancy.oc1..NIZMaSEjomzNdCkLmIQqgxLwrZyQRniYbfFzLDfCjHYxU,2022-04-04T11:00Z,2022-04-04T12:00Z,COMPUTE,ocid1.tenancy.oc1..NIZMaSEjomzNdCkLmIQqgxLwrZyQRniYbfFzLDfCjHYxU,ashleyhunter,me-jeddah-1,XtyN:ME-JEDDAH-1-AD-1,ocid1.instance.oci.me-jeddah-1.spvuExvnhsOmwphUASVEWzxBWddijQ,1,,29487269,B10910,Virtual Machine Standard - E2 Micro - Free,,,0,,USD,ONE HOURS OCPUS,OCPU Hours,,false,,default/ashleyhunter@yahoo.com,,true
V2.voZsILYrRrBMVvXUIeqUCipWqOqeWJEpkIdVbXQP+bxwsgyvtOMeGNmisyUaZ==,ocid1.tenancy.oc1..NIZMaSEjomzNdCkLmIQqgxLwrZyQRniYbfFzLDfCjHYxU,2022-04-04T12:00Z,2022-04-04T13:00Z,COMPUTE,ocid1.tenancy.oc1..NIZMaSEjomzNdCkLmIQqgxLwrZyQRniYbfFzLDfCjHYxU,ashleyhunter,me-jeddah-1,XtyN:ME-JEDDAH-1-AD-1,ocid1.instance.oci.me-jeddah-1.spvuExvnhsOmwphUASVEWzxBWddijQ,1,,29487269,B10910,Virtual Machine Standard - E2 Micro - Free,,,0,,USD,ONE HOURS OCPUS,OCPU Hours,,false,,default/ashleyhunter@yahoo.com,2022-04-04T13:30:19.000Z,
V2.voZsILYrRrBMVvXUIeqUCipWqOqeWJEpkIdVbXQP+mzBXyyXLneUEPVoFNfHW==,ocid1.tenancy.oc1..NIZMaSEjomzNdCkLmIQqgxLwrZyQRniYbfFzLDfCjHYxU,2022-04-04T13:00Z,2022-04-04T14:00Z,COMPUTE,ocid1.tenancy.oc1..NIZMaSEjomzNdCkLmIQqgxLwrZyQRniYbfFzLDfCjHYxU,ashleyhunter,me-jeddah-1,XtyN:ME-JEDDAH-1-AD-1,ocid1.instance.oci.me-jeddah-1.spvuExvnhsOmwphUASVEWzxBWddijQ,1,,29487269,B10910,Virtual Machine Standard - E2 Micro - Free,,,0,,USD,ONE HOURS OCPUS,OCPU Hours,,false,,default/ashleyhunter@yahoo.com,,true
V2.voZsILYrRrBMVvXUIeqUCipWqOqeWJEpkIdVbXQP+WazTkUklsrbhfTIkzJrc==,ocid1.tenancy.oc1..NIZMaSEjomzNdCkLmIQqgxLwrZyQRniYbfFzLDfCjHYxU,2022-04-04T14:00Z,2022-04-04T15:00Z,COMPUTE,ocid1.tenancy.oc1..NIZMaSEjomzNdCkLmIQqgxLwrZyQRniYbfFzLDfCjHYxU,ashleyhunter,me-jeddah-1,XtyN:ME-JEDDAH-1-AD-1,ocid1.instance.oci.me-jeddah-1.spvuExvnhsOmwphUASVEWzxBWddijQ,1,,29487269,B10910,Virtual Machine Standard - E2 Micro - Free,,,0,,USD,ONE HOURS OCPUS,OCPU Hours,,false,,default/ashleyhunter@yahoo.com,,
V2.voZsILYrRrBMVvXUIeqUCipWqOqeWJEpkIdVbXQP+mOEQRXPJiUnrCgWbACtB==,ocid1.tenancy.oc1..NIZMaSEjomzNdCkLmIQqgxLwrZyQRniYbfFzLDfCjHYxU,2022-04-04T15:00Z,2022-04-04T16:00Z,COMPUTE,ocid1.tenancy.oc1..NIZMaSEjomzNdCkLmIQqgxLwrZyQRniYbfFzLDfCjHYxU,ashleyhunter,me-jeddah-1,XtyN:ME-JEDDAH-1-AD-1,ocid1.instance.oci.me-jeddah-1.spvuExvnhsOmwphUASVEWzxBWddijQ,1,,29487269,B10910,Virtual Machine Standard - E2 Micro - Free,,,0,,USD,ONE HOURS OCPUS,OCPU Hours,,false,,default/ashleyhunter@yahoo.com,2022-04-04T15:14:15.000Z,
V2.voZsILYrRrBMVvXUIeqUCipWqOqeWJEpkIdVbXQP+KOEghrDNxgiRRZnmEINa==,ocid1.tenancy.oc1..NIZMaSEjomzNdCkLmIQqgxLwrZyQRniYbfFzLDfCjHYxU,2022-04-04T16:00Z,2022-04-04T17:00Z,COMPUTE,ocid1.tenancy.oc1..NIZMaSEjomzNdCkLmIQqgxLwrZyQRniYbfFzLDfCjHYxU,ashleyhunter,me-jeddah-1,XtyN:ME-JEDDAH-1-AD-1,ocid1.instance.oci.me-jeddah-1.spvuExvnhsOmwphUASVEWzxBWddijQ,1,,29487269,B10910,Virtual Machine Standard - E2 Micro - Free,,,0,,USD,ONE HOURS OCPUS,OCPU Hours,,false,,default/ashleyhunter@yahoo.com,2022-04-04T17:13:45.000Z,
V2.voZsILYrRrBMVvXUIeqUCipWqOqeWJEpkIdVbXQP+ScOIDtIQjJmbAztLqzQA==,ocid1.tenancy.oc1..NIZMaSEjomzNdCkLmIQqgxLwrZyQRniYbfFzLDfCjHYxU,2022-04-04T17:00Z,2022-04-04T18:00Z,COMPUTE,ocid1.tenancy.oc1..NIZMaSEjomzNdCkLmIQqgxLwrZyQRniYbfFzLDfCjHYxU,ashleyhunter,me-jeddah-1,XtyN:ME-JEDDAH-1-AD-1,ocid1.instance.oci.me-jeddah-1.spvuExvnhsOmwphUASVEWzxBWddijQ,1,,29487269,B10910,Virtual Machine Standard - E2 Micro - Free,,,0,,USD,ONE HOURS OCPUS,OCPU Hours,,false,,default/ashleyhunter@yahoo.com,2022-04-04T17:22:19.000Z,
V2.voZsILYrRrBMVvXUIeqUCipWqOqeWJEpkIdVbXQP+UsHdLzWuljMOEBpeSAYL==,ocid1.tenancy.oc1..NIZMaSEjomzNdCkLmIQqgxLwrZyQRniYbfFzLDfCjHYxU,2022-04-04T18:00Z,2022-04-04T19:00Z,COMPUTE,ocid1.tenancy.oc1..NIZMaSEjomzNdCkLmIQqgxLwrZyQRniYbfFzLDfCjHYxU,ashleyhunter,me-jeddah-1,XtyN:ME-JEDDAH-1-AD-1,ocid1.instance.oci.me-jeddah-1.spvuExvnhsOmwphUASVEWzxBWddijQ,1,,29487269,B10910,Virtual Machine Standard - E2 Micro - Free,,,0,,USD,ONE HOURS OCPUS,OCPU Hours,,false,,default/ashleyhunter@yahoo.com,2022-04-04T19:30:28.000Z,true
V2.voZsILYrRrBMVvXUIeqUCipWqOqeWJEpkIdVbXQP+awbQgXBZkfkXZenKVDZz==,ocid1.tenancy.oc1..NIZMaSEjomzNdCkLmIQqgxLwrZyQRniYbfFzLDfCjHYxU,2022-04-04T19:00Z,2022-04-04T20:00Z,COMPUTE,ocid1.tenancy.oc1..NIZMaSEjomzNdCkLmIQqgxLwrZyQRniYbfFzLDfCjHYxU,ashleyhunter,me-jeddah-1,XtyN:ME-JEDDAH-1-AD-1,ocid1.instance.oci.me-jeddah-1.spvuExvnhsOmwphUASVEWzxBWddijQ,1,,29487269,B10910,Virtual Machine Standard - E2 Micro - Free,,,0,,USD,ONE HOURS OCPUS,OCPU Hours,,false,,default/ashleyhunter@yahoo.com,2022-04-04T20:09:02.000Z,true
V2.voZsILYrRrBMVvXUIeqUCipWqOqeWJEpkIdVbXQP+PIqmSZqMVFlbAWvPbSfU==,ocid1.tenancy.oc1..NIZMaSEjomzNdCkLmIQqgxLwrZyQRniYbfFzLDfCjHYxU,2022-04-04T20:00Z,2022-04-04T21:00Z,COMPUTE,ocid1.tenancy.oc1..NIZMaSEjomzNdCkLmIQqgxLwrZyQRniYbfFzLDfCjHYxU,ashleyhunter,me-jeddah-1,XtyN:ME-JEDDAH-1-AD-1,ocid1.instance.oci.me-jeddah-1.spvuExvnhsOmwphUASVEWzxBWddijQ,1,,29487269,B10910,Virtual Machine Standard - E2 Micro - Free,,,0,,USD,ONE HOURS OCPUS,OCPU Hours,,false,,default/ashleyhunter@yahoo.com,2022-04-04T21:44:41.000Z,
V2.voZsILYrRrBMVvXUIeqUCipWqOqeWJEpkIdVbXQP+FwHrmptwARkBMVwVXLrO==,ocid1.tenancy.oc1..NIZMaSEjomzNdCkLmIQqgxLwrZyQRniYbfFzLDfCjHYxU,2022-04-04T21:00Z,2022-04-04T22:00Z,COMPUTE,ocid1.tenancy.oc1..NIZMaSEjomzNdCkLmIQqgxLwrZyQRniYbfFzLDfCjHYxU,ashleyhunter,me-jeddah-1,XtyN:ME-JEDDAH-1-AD-1,ocid1.instance.oci.me-jeddah-1.spvuExvnhsOmwphUASVEWzxBWddijQ,1,,29487269,B10910,Virtual Machine Standard - E2 Micro - Free,,,0,,USD,ONE HOURS OCPUS,OCPU Hours,,false,,default/ashleyhunter@yahoo.com,,true
V2.voZsILYrRrBMVvXUIeqUCipWqOqeWJEpkIdVbXQP+ffGzMuvsxOsFFhblfLIn==,ocid1.tenancy.oc1..NIZMaSEjomzNdCkLmIQqgxLwrZyQRniYbfFzLDfCjHYxU,2022-04-04T22:00Z,2022-04-04T23:00Z,COMPUTE,ocid1.tenancy.oc1..NIZMaSEjomzNdCkLmIQqgxLwrZyQRniYbfFzLDfCjHYxU,ashleyhunter,me-jeddah-1,XtyN:ME-JEDDAH-1-AD-1,ocid1.instance.oci.me-jeddah-1.spvuExvnhsOmwphUASVEWzxBWddijQ,1,,29487269,B10910,Virtual Machine Standard - E2 Micro - Free,,,0,,USD,ONE HOURS OCPUS,OCPU Hours,,false,,default/ashleyhunter@yahoo.com,2022-04-04T22:12:46.000Z,true
V2.ZkZxRrSfuzbmrNrBLZMacPhqiKEALEdugNfcqouSYtskS+GfofJambtGlbpyCdpzre==,ocid1.tenancy.oc1..FeTbZjNCDyeLpuJzPUcLcLMsoxpgNDr,2022-04-01T00:00Z,2022-04-01T01:00Z,NETWORK,ocid1.tenancy.oc1..FeTbZjNCDyeLpuJzPUcLcLMsoxpgNDr,heidimullins,us-phoenix-1,TnOT:US-PHOENIX-1-AD-3,ocid1.instance.oci.us-phoenix-1.OHhKLaaJOeWFLiynGEJDwZBgeGqZrfwAimk,,,,,,,,,,,,,,true,V2.ZkZxRrSfuzbmrNrBLZMacPhqiKEALEdugNfcqouSYtskS+nGTEKYrrDpkqSJVbUQJE==,default/heidimullins@hotmail.com,2022-04-01T00:47:23.000Z,
V2.ZkZxRrSfuzbmrNrBLZMacPhqiKEALEdugNfcqouSYtskS+LTcreLMVheVvvDJntkCO==,ocid1.tenancy.oc1..FeTbZjNCDyeLpuJzPUcLcLMsoxpgNDr,2022-04-01T01:00Z,2022-04-01T02:00Z,NETWORK,ocid1.tenancy.oc1..FeTbZjNCDyeLpuJzPUcLcLMsoxpgNDr,heidimullins,us-phoenix-1,TnOT:US-PHOENIX-1-AD-3,ocid1.instance.oci.us-phoenix-1.OHhKLaaJOeWFLiynGEJDwZBgeGqZrfwAimk,,,,,,,,,,,,,,true,V2.ZkZxRrSfuzbmrNrBLZMacPhqiKEALEdugNfcqouSYtskS+uQSRwoGSrsSqTLZJPHYU==,default/heidimullins@hotmail.com,,
V2.ZkZxRrSfuzbmrNrBLZMacPhqiKEALEdugNfcqouSYtskS+sGHZwiBehkHWQPaFJggt==,ocid1.tenancy.oc1..FeTbZjNCDyeLpuJzPUcLcLMsoxpgNDr,2022-04-01T02:00Z,2022-04-01T03:00Z,NETWORK,ocid1.tenancy.oc1..FeTbZjNCDyeLpuJzPUcLcLMsoxpgNDr,heidimullins,us-phoenix-1,TnOT:US-PHOENIX-1-AD-3,ocid1.instance.oci.us-phoenix-1.OHhKLaaJOeWFLiynGEJDwZBgeGqZrfwAimk,,,,,,,,,,,,,,true,V2.ZkZxRrSfuzbmrNrBLZMacPhqiKEALEdugNfcqouSYtskS+ZbXeNsBwMVjolDqtpDna==,default/heidimullins@hotmail.com,2022-04-01T02:20:30.000Z,
V2.ZkZxRrSfuzbmrNrBLZMacPhqiKEALEdugNfcqouSYtskS+NfVzvKhpowYCJzMOEoSD==,ocid1.tenancy.oc1..FeTbZjNCDyeLpuJzPUcLcLMsoxpgNDr,2022-04-01T03:00Z,2022-04-01T04:00Z,NETWORK,ocid1.tenancy.oc1..FeTbZjNCDyeLpuJzPUcLcLMsoxpgNDr,heidimullins,us-phoenix-1,TnOT:US-PHOENIX-1-AD-3,ocid1.instance.oci.us-phoenix-1.OHhKLaaJOeWFLiynGEJDwZBgeGqZrfwAimk,,,,,,,,,,,,,,true,V2.ZkZxRrSfuzbmrNrBLZMacPhqiKEALEdugNfcqouSYtskS+WoqujZsgETlGtFdgcMJl==,default/heidimullins@hotmail.com,2022-04-01T04:18:27.000Z,true
V2.ZkZxRrSfuzbmrNrBLZMacPhqiKEALEdugNfcqouSYtskS+mRztaaArUEudpsNGbWYF==,ocid1.tenancy.oc1..FeTbZjNCDyeLpuJzPUcLcLMsoxpgNDr,2022-04-01T04:00Z,2022-04-01T05:00Z,NETWORK,ocid1.tenancy.oc1..FeTbZjNCDyeLpuJzPUcLcLMsoxpgNDr,heidimullins,us-phoenix-1,TnOT:US-PHOENIX-1-AD-3,ocid1.instance.oci.us-phoenix-1.OHhKLaaJOeWFLiynGEJDwZBgeGqZrfwAimk,,,,,,,,,,,,,,true,V2.ZkZxRrSfuzbmrNrBLZMacPhqiKEALEdugNfcqouSYtskS+XQVcDRHuayfhxTqFZTPY==,default/heidimullins@hotmail.com,,
V2.ZkZxRrSfuzbmrNrBLZMacPhqiKEALEdugNfcqouSYtskS+furxhUqVXAxXFRezZUSX==,ocid1.tenancy.oc1..FeTbZjNCDyeLpuJzPUcLcLMsoxpgNDr,2022-04-01T05:00Z,2022-04-01T06:00Z,NETWORK,ocid1.tenancy.oc1..FeTbZjNCDyeLpuJzPUcLcLMsoxpgNDr,heidimullins,us-phoenix-1,TnOT:US-PHOENIX-1-AD-3,ocid1.instance.oci.us-phoenix-1.OHhKLaaJOeWFLiynGEJDwZBgeGqZrfwAimk,,,,,,,,,,,,,,true,V2.ZkZxRrSfuzbmrNrBLZMacPhqiKEALEdugNfcqouSYtskS+NBfPRwNRKHNWGmsaySPV==,default/heidimullins@hotmail.com,2022-04-01T05:33:34.000Z,
V2.ZkZxRrSfuzbmrNrBLZMacPhqiKEALEdugNfcqouSYtskS+ScBYudoVRnKmNtRfFuhV==,ocid1.tenancy.oc1..FeTbZjNCDyeLpuJzPUcLcLMsoxpgNDr,2022-04-01T06:00Z,2022-04-01T07:00Z,NETWORK,ocid1.tenancy.oc1..FeTbZjNCDyeLpuJzPUcLcLMsoxpgNDr,heidimullins,us-phoenix-1,TnOT:US-PHOENIX-1-AD-3,ocid1.instance.oci.us-phoenix-1.OHhKLaaJOeWFLiynGEJDwZBgeGqZrfwAimk,,,,,,,,,,,,,,true,V2.ZkZxRrSfuzbmrNrBLZMacPhqiKEALEdugNfcqouSYtskS+tdkuPwPPDrEDdaeXGIbq==,default/heidimullins@hotmail.com,2022-04-01T06:26:04.000Z,
V2.ZkZxRrSfuzbmrNrBLZMacPhqiKEALEdugNfcqouSYtskS+hdokyXTxMwNyUkDpILyH==,ocid1.tenancy.oc1..FeTbZjNCDyeLpuJzPUcLcLMsoxpgNDr,2022-04-01T07:00Z,2022-04-01T08:00Z,NETWORK,ocid1.tenancy.oc1..FeTbZjNCDyeLpuJzPUcLcLMsoxpgNDr,heidimullins,us-phoenix-1,TnOT:US-PHOENIX-1-AD-3,ocid1.instance.oci.us-phoenix-1.OHhKLaaJOeWFLiynGEJDwZBgeGqZrfwAimk,,,,,,,,,,,,,,true,V2.ZkZxRrSfuzbmrNrBLZMacPhqiKEALEdugNfcqouSYtskS+uhTZwWcRgjHSTuxhYQiT==,default/heidimullins@hotmail.com,2022-04-01T07:49:30.000Z,
V2.ZkZxRrSfuzbmrNrBLZMacPhqiKEALEdugNfcqouSYtskS+bSmjFGOsiwxMHvaUTIvB==,ocid1.tenancy.oc1..FeTbZjNCDyeLpuJzPUcLcLMsoxpgNDr,2022-04-01T08:00Z,2022-04-01T09:00Z,NETWORK,ocid1.tenancy.oc1..FeTbZjNCDyeLpuJzPUcLcLMsoxpgNDr,heidimullins,us-phoenix-1,TnOT:US-PHOENIX-1-AD-3,ocid1.instance.oci.us-phoenix-1.OHhKLaaJOeWFLiynGEJDwZBgeGqZrfwAimk,,,,,,,,,,,,,,true,V2.ZkZxRrSfuzbmrNrBLZMacPhqiKEALEdugNfcqouSYtskS+DJNfjAMOhsMHFTnbyIBl==,default/heidimullins@hotmail.com,2022-04-01T09:38:19.000Z,true
V2.ZkZxRrSfuzbmrNrBLZMacPhqiKEALEdugNfcqouSYtskS+dlIjSAPyAXDIuieqeuDN==,ocid1.tenancy.oc1..FeTbZjNCDyeLpuJzPUcLcLMsoxpgNDr,2022-04-01T09:00Z,2022-04-01T10:00Z,NETWORK,ocid1.tenancy.oc1..FeTbZjNCDyeLpuJzPUcLcLMsoxpgNDr,heidimullins,us-phoenix-1,TnOT:US-PHOENIX-1-AD-3,ocid1.instance.oci.us-phoenix-1.OHhKLaaJOeWFLiynGEJDwZBgeGqZrfwAimk,,,,,,,,,,,,,,true,V2.ZkZxRrSfuzbmrNrBLZMacPhqiKEALEdugNfcqouSYtskS+SGcxAbRLvrgIgyemftxl==,default/heidimullins@hotmail.com,2022-04-01T10:19:02.000Z,true
V2.ZkZxRrSfuzbmrNrBLZMacPhqiKEALEdugNfcqouSYtskS+ReYeCoSQgPIAoxlnVaUb==,ocid1.tenancy.oc1..FeTbZjNCDyeLpuJzPUcLcLMsoxpgNDr,2022-04-01T10:00Z,2022-04-01T11:00Z,NETWORK,ocid1.tenancy.oc1..FeTbZjNCDyeLpuJzPUcLcLMsoxpgNDr,heidimullins,us-phoenix-1,TnOT:US-PHOENIX-1-AD-3,ocid1.instance.oci.us-phoenix-1.OHhKLaaJOeWFLiynGEJDwZBgeGqZrfwAimk,,,,,,,,,,,,,,true,V2.ZkZxRrSfuzbmrNrBLZMacPhqiKEALEdugNfcqouSYtskS+AYhEKhoRhLdGyqpepjBC==,default/heidimullins@hotmail.com,2022-04-01T10:42:14.000Z,true
V2.ZkZxRrSfuzbmrNrBLZMacPhqiKEALEdugNfcqouSYtskS+tHtVkqvRtAJnfLgDGoys==,ocid1.tenancy.oc1..FeTbZjNCDyeLpuJzPUcLcLMsoxpgNDr,2022-04-01T11:00Z,2022-04-01T12:00Z,NETWORK,ocid1.tenancy.oc1..FeTbZjNCDyeLpuJzPUcLcLMsoxpgNDr,heidimullins,us-phoenix-1,TnOT:US-PHOENIX-1-AD-3,ocid1.instance.oci.us-phoenix-1.OHhKLaaJOeWFLiynGEJDwZBgeGqZrfwAimk,,,,,,,,,,,,,,true,V2.ZkZxRrSfuzbmrNrBLZMacPhqiKEALEdugNfcqouSYtskS+nGZmFVuLlpmSfPjvHveX==,default/heidimullins@hotmail.com,,
V2.ZkZxRrSfuzbmrNrBLZMacPhqiKEALEdugNfcqouSYtskS+bTyIZJGoMmFCHYlFmCTe==,ocid1.tenancy.oc1..FeTbZjNCDyeLpuJzPUcLcLMsoxpgNDr,2022-04-01T12:00Z,2022-04-01T13:00Z,NETWORK,ocid1.tenancy.oc1..FeTbZjNCDyeLpuJzPUcLcLMsoxpgNDr,heidimullins,us-phoenix-1,TnOT:US-PHOENIX-1-AD-3,ocid1.instance.oci.us-phoenix-1.OHhKLaaJOeWFLiynGEJDwZBgeGqZrfwAimk,,,,,,,,,,,,,,true,V2.ZkZxRrSfuzbmrNrBLZMacPhqiKEALEdugNfcqouSYtskS+vCVPCliSpugpPAUKhfnK==,default/heidimullins@hotmail.com,,true
V2.ZkZxRrSfuzbmrNrBLZMacPhqiKEALEdugNfcqouSYtskS+UxNUKlZOpUUZJaDqUpgA==,ocid1.tenancy.oc1..FeTbZjNCDyeLpuJzPUcLcLMsoxpgNDr,2022-04-01T13:00Z,2022-04-01T14:00Z,NETWORK,ocid1.tenancy.oc1..FeTbZjNCDyeLpuJzPUcLcLMsoxpgNDr,heidimullins,us-phoenix-1,TnOT:US-PHOENIX-1-AD-3,ocid1.instance.oci.us-phoenix-1.OHhKLaaJOeWFLiynGEJDwZBgeGqZrfwAimk,,,,,,,,,,,,,,true,V2.ZkZxRrSfuzbmrNrBLZMacPhqiKEALEdugNfcqouSYtskS+CDpvqCXGQqwJAWBLQRRr==,default/heidimullins@hotmail.com,,true
V2.ZkZxRrSfuzbmrNrBLZMacPhqiKEALEdugNfcqouSYtskS+HmibosVfwjuihkErvLWa==,ocid1.tenancy.oc1..FeTbZjNCDyeLpuJzPUcLcLMsoxpgNDr,2022-04-01T14:00Z,2022-04-01T15:00Z,NETWORK,ocid1.tenancy.oc1..FeTbZjNCDyeLpuJzPUcLcLMsoxpgNDr,heidimullins,us-phoenix-1,TnOT:US-PHOENIX-1-AD-3,ocid1.instance.oci.us-phoenix-1.OHhKLaaJOeWFLiynGEJDwZBgeGqZrfwAimk,,,,,,,,,,,,,,true,V2.ZkZxRrSfuzbmrNrBLZMacPhqiKEALEdugNfcqouSYtskS+oIhvppwWiVHbwKxTpOeH==,default/heidimullins@hotmail.com,2022-04-01T14:12:25.000Z,true
V2.ZkZxRrSfuzbmrNrBLZMacPhqiKEALEdugNfcqouSYtskS+WDebhMyWKRyAomlAAyNE==,ocid1.tenancy.oc1..FeTbZjNCDyeLpuJzPUcLcLMsoxpgNDr,2022-04-01T15:00Z,2022-04-01T16:00Z,NETWORK,ocid1.tenancy.oc1..FeTbZjNCDyeLpuJzPUcLcLMsoxpgNDr,heidimullins,us-phoenix-1,TnOT:US-PHOENIX-1-AD-3,ocid1.instance.oci.us-phoenix-1.OHhKLaaJOeWFLiynGEJDwZBgeGqZrfwAimk,,,,,,,,,,,,,,true,V2.ZkZxRrSfuzbmrNrBLZMacPhqiKEALEdugNfcqouSYtskS+wswltDsbsYLfhFbKcbKa==,default/heidimullins@hotmail.com,,true
V2.ZkZxRrSfuzbmrNrBLZMacPhqiKEALEdugNfcqouSYtskS+KGdKmwjBzJjQoazdeymd==,ocid1.tenancy.oc1..FeTbZjNCDyeLpuJzPUcLcLMsoxpgNDr,2022-04-01T16:00Z,2022-04-01T17:00Z,NETWORK,ocid1.tenancy.oc1..FeTbZjNCDyeLpuJzPUcLcLMsoxpgNDr,heidimullins,us-phoenix-1,TnOT:US-PHOENIX-1-AD-3,ocid1.instance.oci.us-phoenix-1.OHhKLaaJOeWFLiynGEJDwZBgeGqZrfwAimk,,,,,,,,,,,,,,true,V2.ZkZxRrSfuzbmrNrBLZMacPhqiKEALEdugNfcqouSYtskS+mEefiffKEtrcGfyEPVEk==,default/heidimullins@hotmail.com,2022-04-01T17:37:47.000Z,
V2.ZkZxRrSfuzbmrNrBLZMacPhqiKEALEdugNfcqouSYtskS+QXEqyjJuMphPqbJVWEzs==,ocid1.tenancy.oc1..FeTbZjNCDyeLpuJzPUcLcLMsoxpgNDr,2022-04-01T17:00Z,2022-04-01T18:00Z,NETWORK,ocid1.tenancy.oc1..FeTbZjNCDyeLpuJzPUcLcLMsoxpgNDr,heidimullins,us-phoenix-1,TnOT:US-PHOENIX-1-AD-3,ocid1.instance.oci.us-phoenix-1.OHhKLaaJOeWFLiynGEJDwZBgeGqZrfwAimk,,,,,,,,,,,,,,true,V2.ZkZxRrSfuzbmrNrBLZMacPhqiKEALEdugNfcqouSYtskS+QivBmTlnopQedsSxFfSp==,default/heidimullins@hotmail.com,,true
V2.ZkZxRrSfuzbmrNrBLZMacPhqiKEALEdugNfcqouSYtskS+xwizsPDkbPmaTsQkWVwQ==,ocid1.tenancy.oc1..FeTbZjNCDyeLpuJzPUcLcLMsoxpgNDr,2022-04-01T18:00Z,2022-04-01T19:00Z,NETWORK,ocid1.tenancy.oc1..FeTbZjNCDyeLpuJzPUcLcLMsoxpgNDr,heidimullins,us-phoenix-1,TnOT:US-PHOENIX-1-AD-3,ocid1.instance.oci.us-phoenix-1.OHhKLaaJOeWFLiynGEJDwZBgeGqZrfwAimk,,,,,,,,,,,,,,true,V2.ZkZxRrSfuzbmrNrBLZMacPhqiKEALEdugNfcqouSYtskS+yJFipJFpSmidMCiMEzur==,default/heidimullins@hotmail.com,,true
V2.ZkZxRrSfuzbmrNrBLZMacPhqiKEALEdugNfcqouSYtskS+dreRsNFzVWMpWkstVrIm==,ocid1.tenancy.oc1..FeTbZjNCDyeLpuJzPUcLcLMsoxpgNDr,2022-04-01T19:00Z,2022-04-01T20:00Z,NETWORK,ocid1.tenancy.oc1..FeTbZjNCDyeLpuJzPUcLcLMsoxpgNDr,heidimullins,us-phoenix-1,TnOT:US-PHOENIX-1-AD-3,ocid1.instance.oci.us-phoenix-1.OHhKLaaJOeWFLiynGEJDwZBgeGqZrfwAimk,,,,,,,,,,,,,,true,V2.ZkZxRrSfuzbmrNrBLZMacPhqiKEALEdugNfcqouSYtskS+cyafhwWDQGvfBffkxbII==,default/heidimullins@hotmail.com,,
V2.ZkZxRrSfuzbmrNrBLZMacPhqiKEALEdugNfcqouSYtskS+mzgBRPXjJhgcgJoiejEv==,ocid1.tenancy.oc1..FeTbZjNCDyeLpuJzPUcLcLMsoxpgNDr,2022-04-01T20:00Z,2022-04-01T21:00Z,NETWORK,ocid1.tenancy.oc1..FeTbZjNCDyeLpuJzPUcLcLMsoxpgNDr,heidimullins,us-phoenix-1,TnOT:US-PHOENIX-1-AD-3,ocid1.instance.oci.us-phoenix-1.OHhKLaaJOeWFLiynGEJDwZBgeGqZrfwAimk,,,,,,,,,,,,,,true,V2.ZkZxRrSfuzbmrNrBLZMacPhqiKEALEdugNfcqouSYtskS+VgfTHLLihTeRICrerpCr==,default/heidimullins@hotmail.com,2022-04-01T21:25:29.000Z,true
V2.ZkZxRrSfuzbmrNrBLZMacPhqiKEALEdugNfcqouSYtskS+IiMMAxFXqlBzfWfNjxne==,ocid1.tenancy.oc1..FeTbZjNCDyeLpuJzPUcLcLMsoxpgNDr,2022-04-01T21:00Z,2022-04-01T22:00Z,NETWORK,ocid1.tenancy.oc1..FeTbZjNCDyeLpuJzPUcLcLMsoxpgNDr,heidimullins,us-phoenix-1,TnOT:US-PHOENIX-1-AD-3,ocid1.instance.oci.us-phoenix-1.OHhKLaaJOeWFLiynGEJDwZBgeGqZrfwAimk,,,,,,,,,,,,,,true,V2.ZkZxRrSfuzbmrNrBLZMacPhqiKEALEdugNfcqouSYtskS+vXtPXknmSRZHhFANsKfe==,default/heidimullins@hotmail.com,2022-04-01T21:08:19.000Z,
V2.ZkZxRrSfuzbmrNrBLZMacPhqiKEALEdugNfcqouSYtskS+cTkbgBttHaYNmVoQUZjp==,ocid1.tenancy.oc1..FeTbZjNCDyeLpuJzPUcLcLMsoxpgNDr,2022-04-01T22:00Z,2022-04-01T23:00Z,NETWORK,ocid1.tenancy.oc1..FeTbZjNCDyeLpuJzPUcLcLMsoxpgNDr,heidimullins,us-phoenix-1,TnOT:US-PHOENIX-1-AD-3,ocid1.instance.oci.us-phoenix-1.OHhKLaaJOeWFLiynGEJDwZBgeGqZrfwAimk,,,,,,,,,,,,,,true,V2.ZkZxRrSfuzbmrNrBLZMacPhqiKEALEdugNfcqouSYtskS+WIttFbQKNHobryZjqZpf==,default/heidimullins@hotmail.com,,true
V2.ZkZxRrSfuzbmrNrBLZMacPhqiKEALEdugNfcqouSYtskS+EQzlpIfWSpeumrWvONxh==,ocid1.tenancy.oc1..FeTbZjNCDyeLpuJzPUcLcLMsoxpgNDr,2022-04-01T23:00Z,2022-04-02T00:00Z,NETWORK,ocid1.tenancy.oc1..FeTbZjNCDyeLpuJzPUcLcLMsoxpgNDr,heidimullins,us-phoenix-1,TnOT:US-PHOENIX-1-AD-3,ocid1.instance.oci.us-phoenix-1.OHhKLaaJOeWFLiynGEJDwZBgeGqZrfwAimk,,,,,,,,,,,,,,true,V2.ZkZxRrSfuzbmrNrBLZMacPhqiKEALEdugNfcqouSYtskS+yrBLBfzbiwHCsPPtBhna==,default/heidimullins@hotmail.com,,
V2.ZkZxRrSfuzbmrNrBLZMacPhqiKEALEdugNfcqouSYtskS+dmQNvPhfONJUVHoOGcpU==,ocid1.tenancy.oc1..FeTbZjNCDyeLpuJzPUcLcLMsoxpgNDr,2022-04-02T00:00Z,2022-04-02T01:00Z,NETWORK,ocid1.tenancy.oc1..FeTbZjNCDyeLpuJzPUcLcLMsoxpgNDr,heidimullins,us-phoenix-1,TnOT:US-PHOENIX-1-AD-3,ocid1.instance.oci.us-phoenix-1.OHhKLaaJOeWFLiynGEJDwZBgeGqZrfwAimk,,,,,,,,,,,,,,true,V2.ZkZxRrSfuzbmrNrBLZMacPhqiKEALEdugNfcqouSYtskS+ghGUoftBWgbRIgbuVsCs==,default/heidimullins@hotmail.com,,
V2.ZkZxRrSfuzbmrNrBLZMacPhqiKEALEdugNfcqouSYtskS+bHwwYjDzKegCZVTiEERz==,ocid1.tenancy.oc1..FeTbZjNCDyeLpuJzPUcLcLMsoxpgNDr,2022-04-02T01:00Z,2022-04-02T02:00Z,NETWORK,ocid1.tenancy.oc1..FeTbZjNCDyeLpuJzPUcLcLMsoxpgNDr,heidimullins,us-phoenix-1,TnOT:US-PHOENIX-1-AD-3,ocid1.instance.oci.us-phoenix-1.OHhKLaaJOeWFLiynGEJDwZBgeGqZrfwAimk,,,,,,,,,,,,,,true,V2.ZkZxRrSfuzbmrNrBLZMacPhqiKEALEdugNfcqouSYtskS+XxGWUERaARhnotMFPReO==,default/heidimullins@hotmail.com,2022-04-02T02:46:38.000Z,true
V2.ZkZxRrSfuzbmrNrBLZMacPhqiKEALEdugNfcqouSYtskS+qrZNbttDcYIJAzPcNryF==,ocid1.tenancy.oc1..FeTbZjNCDyeLpuJzPUcLcLMsoxpgNDr,2022-04-02T02:00Z,2022-04-02T03:00Z,NETWORK,ocid1.tenancy.oc1..FeTbZjNCDyeLpuJzPUcLcLMsoxpgNDr,heidimullins,us-phoenix-1,TnOT:US-PHOENIX-1-AD-3,ocid1.instance.oci.us-phoenix-1.OHhKLaaJOeWFLiynGEJDwZBgeGqZrfwAimk,,,,,,,,,,,,,,true,V2.ZkZxRrSfuzbmrNrBLZMacPhqiKEALEdugNfcqouSYtskS+BHntNDXrgSvJZOEyAfaG==,default/heidimullins@hotmail.com,2022-04-02T02:14:36.000Z,true
V2.ZkZxRrSfuzbmrNrBLZMacPhqiKEALEdugNfcqouSYtskS+LixQPWmBnSBLSPkIzZsm==,ocid1.tenancy.oc1..FeTbZjNCDyeLpuJzPUcLcLMsoxpgNDr,2022-04-02T03:00Z,2022-04-02T04:00Z,NETWORK,ocid1.tenancy.oc1..FeTbZjNCDyeLpuJzPUcLcLMsoxpgNDr,heidimullins,us-phoenix-1,TnOT:US-PHOENIX-1-AD-3,ocid1.instance.oci.us-phoenix-1.OHhKLaaJOeWFLiynGEJDwZBgeGqZrfwAimk,,,,,,,,,,,,,,true,V2.ZkZxRrSfuzbmrNrBLZMacPhqiKEALEdugNfcqouSYtskS+oCgEZaQLMMhExKEFZFbe==,default/heidimullins@hotmail.com,2022-04-02T03:21:07.000Z,
V2.ZkZxRrSfuzbmrNrBLZMacPhqiKEALEdugNfcqouSYtskS+FoQnletbJCViIfODCeDz==,ocid1.tenancy.oc1..FeTbZjNCDyeLpuJzPUcLcLMsoxpgNDr,2022-04-02T04:00Z,2022-04-02T05:00Z,NETWORK,ocid1.tenancy.oc1..FeTbZjNCDyeLpuJzPUcLcLMsoxpgNDr,heidimullins,us-phoenix-1,TnOT:US-PHOENIX-1-AD-3,ocid1.instance.oci.us-phoenix-1.OHhKLaaJOeWFLiynGEJDwZBgeGqZrfwAimk,,,,,,,,,,,,,,true,V2.ZkZxRrSfuzbmrNrBLZMacPhqiKEALEdugNfcqouSYtskS+lNRfdyYMfIvMkSqXBlCG==,default/heidimullins@hotmail.com,2022-04-02T04:19:01.000Z,true
V2.ZkZxRrSfuzbmrNrBLZMacPhqiKEALEdugNfcqouSYtskS+snLhaNRifeWmuBDEKYdj==,ocid1.tenancy.oc1..FeTbZjNCDyeLpuJzPUcLcLMsoxpgNDr,2022-04-02T05:00Z,2022-04-02T06:00Z,NETWORK,ocid1.tenancy.oc1..FeTbZjNCDyeLpuJzPUcLcLMsoxpgNDr,heidimullins,us-phoenix-1,TnOT:US-PHOENIX-1-AD-3,ocid1.instance.oci.us-phoenix-1.OHhKLaaJOeWFLiynGEJDwZBgeGqZrfwAimk,,,,,,,,,,,,,,true,V2.ZkZxRrSfuzbmrNrBLZMacPhqiKEALEdugNfcqouSYtskS+DtrjHrzWaGergnBlNmxd==,default/heidimullins@hotmail.com,,true
V2.ZkZxRrSfuzbmrNrBLZMacPhqiKEALEdugNfcqouSYtskS+KYovJnjVqQWfHotEpCfK==,ocid1.tenancy.oc1..FeTbZjNCDyeLpuJzPUcLcLMsoxpgNDr,2022-04-02T06:00Z,2022-04-02T07:00Z,NETWORK,ocid1.tenancy.oc1..FeTbZjNCDyeLpuJzPUcLcLMsoxpgNDr,heidimullins,us-phoenix-1,TnOT:US-PHOENIX-1-AD-3,ocid1.instance.oci.us-phoenix-1.OHhKLaaJOeWFLiynGEJDwZBgeGqZrfwAimk,,,,,,,,,,,,,,true,V2.ZkZxRrSfuzbmrNrBLZMacPhqiKEALEdugNfcqouSYtskS+SMlZxsgllcDidXIPTLmq==,default/heidimullins@hotmail.com,2022-04-02T07:15:13.000Z,
V2.ZkZxRrSfuzbmrNrBLZMacPhqiKEALEdugNfcqouSYtskS+FaAPWxAvuleVRhLOLKGh==,ocid1.tenancy.oc1..FeTbZjNCDyeLpuJzPUcLcLMsoxpgNDr,2022-04-02T07:00Z,2022-04-02T08:00Z,NETWORK,ocid1.tenancy.oc1..FeTbZjNCDyeLpuJzPUcLcLMsoxpgNDr,heidimullins,us-phoenix-1,TnOT:US-PHOENIX-1-AD-3,ocid1.instance.oci.us-phoenix-1.OHhKLaaJOeWFLiynGEJDwZBgeGqZrfwAimk,,,,,,,,,,,,,,true,V2.ZkZxRrSfuzbmrNrBLZMacPhqiKEALEdugNfcqouSYtskS+LGkGUnYsLCIeQOZeioES==,default/heidimullins@hotmail.com,,true
V2.ZkZxRrSfuzbmrNrBLZMacPhqiKEALEdugNfcqouSYtskS+UFCXxbubOjboKNcbxGFX==,ocid1.tenancy.oc1..FeTbZjNCDyeLpuJzPUcLcLMsoxpgNDr,2022-04-02T08:00Z,2022-04-02T09:00Z,NETWORK,ocid1.tenancy.oc1..FeTbZjNCDyeLpuJzPUcLcLMsoxpgNDr,heidimullins,us-phoenix-1,TnOT:US-PHOENIX-1-AD-3,ocid1.instance.oci.us-phoenix-1.OHhKLaaJOeWFLiynGEJDwZBgeGqZrfwAimk,,,,,,,,,,,,,,true,V2.ZkZxRrSfuzbmrNrBLZMacPhqiKEALEdugNfcqouSYtskS+gxmsbAzqrGZcFfUYdVMx==,default/heidimullins@hotmail.com,,true
V2.ZkZxRrSfuzbmrNrBLZMacPhqiKEALEdugNfcqouSYtskS+rjHKMuTXsONtRMdOzQJt==,ocid1.tenancy.oc1..FeTbZjNCDyeLpuJzPUcLcLMsoxpgNDr,2022-04-02T09:00Z,2022-04-02T10:00Z,NETWORK,ocid1.tenancy.oc1..FeTbZjNCDyeLpuJzPUcLcLMsoxpgNDr,heidimullins,us-phoenix-1,TnOT:US-PHOENIX-1-AD-3,ocid1.instance.oci.us-phoenix-1.OHhKLaaJOeWFLiynGEJDwZBgeGqZrfwAimk,,,,,,,,,,,,,,true,V2.ZkZxRrSfuzbmrNrBLZMacPhqiKEALEdugNfcqouSYtskS+pIPqvhPQbKEcThGUZtzs==,default/heidimullins@hotmail.com,2022-04-02T09:49:11.000Z,true
V2.ZkZxRrSfuzbmrNrBLZMacPhqiKEALEdugNfcqouSYtskS+WukjXlVjbPJUIlJCDCYL==,ocid1.tenancy.oc1..FeTbZjNCDyeLpuJzPUcLcLMsoxpgNDr,2022-04-02T10:00Z,2022-04-02T11:00Z,NETWORK,ocid1.tenancy.oc1..FeTbZjNCDyeLpuJzPUcLcLMsoxpgNDr,heidimullins,us-phoenix-1,TnOT:US-PHOENIX-1-AD-3,ocid1.instance.oci.us-phoenix-1.OHhKLaaJOeWFLiynGEJDwZBgeGqZrfwAimk,,,,,,,,,,,,,,true,V2.ZkZxRrSfuzbmrNrBLZMacPhqiKEALEdugNfcqouSYtskS+HYmbVTnzAvEzhKtLBSwH==,default/heidimullins@hotmail.com,2022-04-02T10:11:47.000Z,
V2.ZkZxRrSfuzbmrNrBLZMacPhqiKEALEdugNfcqouSYtskS+PJZWRmIYrSbAZcZVgnuA==,ocid1.tenancy.oc1..FeTbZjNCDyeLpuJzPUcLcLMsoxpgNDr,2022-04-02T11:00Z,2022-04-02T12:00Z,NETWORK,ocid1.tenancy.oc1..FeTbZjNCDyeLpuJzPUcLcLMsoxpgNDr,heidimullins,us-phoenix-1,TnOT:US-PHOENIX-1-AD-3,ocid1.instance.oci.us-phoenix-1.OHhKLaaJOeWFLiynGEJDwZBgeGqZrfwAimk,,,,,,,,,,,,,,true,V2.ZkZxRrSfuzbmrNrBLZMacPhqiKEALEdugNfcqouSYtskS+PTsENhSpypTkCPnsOSBs==,default/heidimullins@hotmail.com,,
V2.ZkZxRrSfuzbmrNrBLZMacPhqiKEALEdugNfcqouSYtskS+rHAZOKquUrZVQVzujcvx==,ocid1.tenancy.oc1..FeTbZjNCDyeLpuJzPUcLcLMsoxpgNDr,2022-04-02T12:00Z,2022-04-02T13:00Z,NETWORK,ocid1.tenancy.oc1..FeTbZjNCDyeLpuJzPUcLcLMsoxpgNDr,heidimullins,us-phoenix-1,TnOT:US-PHOENIX-1-AD-3,ocid1.instance.oci.us-phoenix-1.OHhKLaaJOeWFLiynGEJDwZBgeGqZrfwAimk,,,,,,,,,,,,,,true,V2.ZkZxRrSfuzbmrNrBLZMacPhqiKEALEdugNfcqouSYtskS+CflVGXWAdahclNafrAQL==,default/heidimullins@hotmail.com,,
V2.ZkZxRrSfuzbmrNrBLZMacPhqiKEALEdugNfcqouSYtskS+oguKHIflifTAiPkBZcld==,ocid1.tenancy.oc1..FeTbZjNCDyeLpuJzPUcLcLMsoxpgNDr,2022-04-02T13:00Z,2022-04-02T14:00Z,NETWORK,ocid1.tenancy.oc1..FeTbZjNCDyeLpuJzPUcLcLMsoxpgNDr,heidimullins,us-phoenix-1,TnOT:US-PHOENIX-1-AD-3,ocid1.instance.oci.us-phoenix-1.OHhKLaaJOeWFLiynGEJDwZBgeGqZrfwAimk,,,,,,,,,,,,,,true,V2.ZkZxRrSfuzbmrNrBLZMacPhqiKEALEdugNfcqouSYtskS+ttxbCcuUDrZsJDJVRHdJ==,default/heidimullins@hotmail.com,2022-04-02T13:02:22.000Z,
V2.ZkZxRrSfuzbmrNrBLZMacPhqiKEALEdugNfcqouSYtskS+zginmtqEFcxaKKQIoJaH==,ocid1.tenancy.oc1..FeTbZjNCDyeLpuJzPUcLcLMsoxpgNDr,2022-04-02T14:00Z,2022-04-02T15:00Z,NETWORK,ocid1.tenancy.oc1..FeTbZjNCDyeLpuJzPUcLcLMsoxpgNDr,heidimullins,us-phoenix-1,TnOT:US-PHOENIX-1-AD-3,ocid1.instance.oci.us-phoenix-1.OHhKLaaJOeWFLiynGEJDwZBgeGqZrfwAimk,,,,,,,,,,,,,,true,V2.ZkZxRrSfuzbmrNrBLZMacPhqiKEALEdugNfcqouSYtskS+LFSDeDNRRqdGnhlyBzSl==,default/heidimullins@hotmail.com,2022-04-02T15:13:46.000Z,
V2.ZkZxRrSfuzbmrNrBLZMacPhqiKEALEdugNfcqouSYtskS+HvXXfespGufVQfJTMRwW==,ocid1.tenancy.oc1..FeTbZjNCDyeLpuJzPUcLcLMsoxpgNDr,2022-04-02T15:00Z,2022-04-02T16:00Z,NETWORK,ocid1.tenancy.oc1..FeTbZjNCDyeLpuJzPUcLcLMsoxpgNDr,heidimullins,us-phoenix-1,TnOT:US-PHOENIX-1-AD-3,ocid1.instance.oci.us-phoenix-1.OHhKLaaJOeWFLiynGEJDwZBgeGqZrfwAimk,,,,,,,,,,,,,,true,V2.ZkZxRrSfuzbmrNrBLZMacPhqiKEALEdugNfcqouSYtskS+sPdbFWjPyJyBLWeNnNEu==,default/heidimullins@hotmail.com,2022-04-02T15:10:45.000Z,true
V2.ZkZxRrSfuzbmrNrBLZMacPhqiKEALEdugNfcqouSYtskS+GuqbbAkXrYhyRWbUTkfl==,ocid1.tenancy.oc1..FeTbZjNCDyeLpuJzPUcLcLMsoxpgNDr,2022-04-02T16:00Z,2022-04-02T17:00Z,NETWORK,ocid1.tenancy.oc1..FeTbZjNCDyeLpuJzPUcLcLMsoxpgNDr,heidimullins,us-phoenix-1,TnOT:US-PHOENIX-1-AD-3,ocid1.instance.oci.us-phoenix-1.OHhKLaaJOeWFLiynGEJDwZBgeGqZrfwAimk,,,,,,,,,,,,,,true,V2.ZkZxRrSfuzbmrNrBLZMacPhqiKEALEdugNfcqouSYtskS+wudBeKdVzYciUOIXmgjD==,default/heidimullins@hotmail.com,2022-04-02T17:39:46.000Z,true
V2.ZkZxRrSfuzbmrNrBLZMacPhqiKEALEdugNfcqouSYtskS+HIEmTGLgsTUlULebBrZQ==,ocid1.tenancy.oc1..FeTbZjNCDyeLpuJzPUcLcLMsoxpgNDr,2022-04-02T17:00Z,2022-04-02T18:00Z,NETWORK,ocid1.tenancy.oc1..FeTbZjNCDyeLpuJzPUcLcLMsoxpgNDr,heidimullins,us-phoenix-1,TnOT:US-PHOENIX-1-AD-3,ocid1.instance.oci.us-phoenix-1.OHhKLaaJOeWFLiynGEJDwZBgeGqZrfwAimk,,,,,,,,,,,,,,true,V2.ZkZxRrSfuzbmrNrBLZMacPhqiKEALEdugNfcqouSYtskS+iwpjmHpNxYZCyqLtdXUB==,default/heidimullins@hotmail.com,2022-04-02T18:11:40.000Z,true
V2.ZkZxRrSfuzbmrNrBLZMacPhqiKEALEdugNfcqouSYtskS+xlTdjUOAKOzRkwsChVuJ==,ocid1.tenancy.oc1..FeTbZjNCDyeLpuJzPUcLcLMsoxpgNDr,2022-04-02T18:00Z,2022-04-02T19:00Z,NETWORK,ocid1.tenancy.oc1..FeTbZjNCDyeLpuJzPUcLcLMsoxpgNDr,heidimullins,us-phoenix-1,TnOT:US-PHOENIX-1-AD-3,ocid1.instance.oci.us-phoenix-1.OHhKLaaJOeWFLiynGEJDwZBgeGqZrfwAimk,,,,,,,,,,,,,,true,V2.ZkZxRrSfuzbmrNrBLZMacPhqiKEALEdugNfcqouSYtskS+VJeGqxNzUPjsEaeZzNbv==,default/heidimullins@hotmail.com,2022-04-02T18:34:41.000Z,
V2.ZkZxRrSfuzbmrNrBLZMacPhqiKEALEdugNfcqouSYtskS+WxhZHmsIvOvYbUUeWRSO==,ocid1.tenancy.oc1..FeTbZjNCDyeLpuJzPUcLcLMsoxpgNDr,2022-04-02T19:00Z,2022-04-02T20:00Z,NETWORK,ocid1.tenancy.oc1..FeTbZjNCDyeLpuJzPUcLcLMsoxpgNDr,heidimullins,us-phoenix-1,TnOT:US-PHOENIX-1-AD-3,ocid1.instance.oci.us-phoenix-1.OHhKLaaJOeWFLiynGEJDwZBgeGqZrfwAimk,,,,,,,,,,,,,,true,V2.ZkZxRrSfuzbmrNrBLZMacPhqiKEALEdugNfcqouSYtskS+baJbAAHWIXKuPZikbwQZ==,default/heidimullins@hotmail.com,2022-04-02T19:24:34.000Z,true
V2.ZkZxRrSfuzbmrNrBLZMacPhqiKEALEdugNfcqouSYtskS+BInhjhNcugVgeebrUsYk==,ocid1.tenancy.oc1..FeTbZjNCDyeLpuJzPUcLcLMsoxpgNDr,2022-04-02T20:00Z,2022-04-02T21:00Z,NETWORK,ocid1.tenancy.oc1..FeTbZjNCDyeLpuJzPUcLcLMsoxpgNDr,heidimullins,us-phoenix-1,TnOT:US-PHOENIX-1-AD-3,ocid1.instance.oci.us-phoenix-1.OHhKLaaJOeWFLiynGEJDwZBgeGqZrfwAimk,,,,,,,,,,,,,,true,V2.ZkZxRrSfuzbmrNrBLZMacPhqiKEALEdugNfcqouSYtskS+tMDqYznYIjWVgzQHcoAm==,default/heidimullins@hotmail.com,2022-04-02T21:33:45.000Z,
V2.ZkZxRrSfuzbmrNrBLZMacPhqiKEALEdugNfcqouSYtskS+fwVeYpiPrAmwMJIKTraa==,ocid1.tenancy.oc1..FeTbZjNCDyeLpuJzPUcLcLMsoxpgNDr,2022-04-02T21:00Z,2022-04-02T22:00Z,NETWORK,ocid1.tenancy.oc1..FeTbZjNCDyeLpuJzPUcLcLMsoxpgNDr,heidimullins,us-phoenix-1,TnOT:US-PHOENIX-1-AD-3,ocid1.instance.oci.us-phoenix-1.OHhKLaaJOeWFLiynGEJDwZBgeGqZrfwAimk,,,,,,,,,,,,,,true,V2.ZkZxRrSfuzbmrNrBLZMacPhqiKEALEdugNfcqouSYtskS+sZopvzkuSghLiRUsiEif==,default/heidimullins@hotmail.com,,true
V2.ZkZxRrSfuzbmrNrBLZMacPhqiKEALEdugNfcqouSYtskS+ssXpzyioNyjkvfIYwFbH==,ocid1.tenancy.oc1..FeTbZjNCDyeLpuJzPUcLcLMsoxpgNDr,2022-04-02T22:00Z,2022-04-02T23:00Z,NETWORK,ocid1.tenancy.oc1..FeTbZjNCDyeLpuJzPUcLcLMsoxpgNDr,heidimullins,us-phoenix-1,TnOT:US-PHOENIX-1-AD-3,ocid1.instance.oci.us-phoenix-1.OHhKLaaJOeWFLiynGEJDwZBgeGqZrfwAimk,,,,,,,,,,,,,,true,V2.ZkZxRrSfuzbmrNrBLZMacPhqiKEALEdugNfcqouSYtskS+AKTmHDJfjkaTjdAQWqaH==,default/heidimullins@hotmail.com,2022-04-02T23:14:50.000Z,
V2.ZkZxRrSfuzbmrNrBLZMacPhqiKEALEdugNfcqouSYtskS+hJcaLpLtCOATNATXpGKn==,ocid1.tenancy.oc1..FeTbZjNCDyeLpuJzPUcLcLMsoxpgNDr,2022-04-02T23:00Z,2022-04-03T00:00Z,NETWORK,ocid1.tenancy.oc1..FeTbZjNCDyeLpuJzPUcLcLMsoxpgNDr,heidimullins,us-phoenix-1,TnOT:US-PHOENIX-1-AD-3,ocid1.instance.oci.us-phoenix-1.OHhKLaaJOeWFLiynGEJDwZBgeGqZrfwAimk,,,,,,,,,,,,,,true,V2.ZkZxRrSfuzbmrNrBLZMacPhqiKEALEdugNfcqouSYtskS+ZDnrdsXgopipjrVAyKYv==,default/heidimullins@hotmail.com,2022-04-02T23:11:09.000Z,true
V2.ZkZxRrSfuzbmrNrBLZMacPhqiKEALEdugNfcqouSYtskS+wUuIpKyEnImjkAEzMqGF==,ocid1.tenancy.oc1..FeTbZjNCDyeLpuJzPUcLcLMsoxpgNDr,2022-04-03T00:00Z,2022-04-03T01:00Z,NETWORK,ocid1.tenancy.oc1..FeTbZjNCDyeLpuJzPUcLcLMsoxpgNDr,heidimullins,us-phoenix-1,TnOT:US-PHOENIX-1-AD-3,ocid1.instance.oci.us-phoenix-1.OHhKLaaJOeWFLiynGEJDwZBgeGqZrfwAimk,,,,,,,,,,,,,,true,V2.ZkZxRrSfuzbmrNrBLZMacPhqiKEALEdugNfcqouSYtskS+firAgvnLUQBESwHdqoBa==,default/heidimullins@hotmail.com,,
V2.ZkZxRrSfuzbmrNrBLZMacPhqiKEALEdugNfcqouSYtskS+kNiVLCEGLmrgvQOLTcKA==,ocid1.tenancy.oc1..FeTbZjNCDyeLpuJzPUcLcLMsoxpgNDr,2022-04-03T01:00Z,2022-04-03T02:00Z,NETWORK,ocid1.tenancy.oc1..FeTbZjNCDyeLpuJzPUcLcLMsoxpgNDr,heidimullins,us-phoenix-1,TnOT:US-PHOENIX-1-AD-3,ocid1.instance.oci.us-phoenix-1.OHhKLaaJOeWFLiynGEJDwZBgeGqZrfwAimk,,,,,,,,,,,,,,true,V2.ZkZxRrSfuzbmrNrBLZMacPhqiKEALEdugNfcqouSYtskS+BZFmEgMclUEscnPYJiWj==,default/heidimullins@hotmail.com,2022-04-03T01:15:20.000Z,
V2.ZkZxRrSfuzbmrNrBLZMacPhqiKEALEdugNfcqouSYtskS+AytkkbiFdlqfuStitMSA==,ocid1.tenancy.oc1..FeTbZjNCDyeLpuJzPUcLcLMsoxpgNDr,2022-04-03T02:00Z,2022-04-03T03:00Z,NETWORK,ocid1.tenancy.oc1..FeTbZjNCDyeLpuJzPUcLcLMsoxpgNDr,heidimullins,us-phoenix-1,TnOT:US-PHOENIX-1-AD-3,ocid1.instance.oci.us-phoenix-1.OHhKLaaJOeWFLiynGEJDwZBgeGqZrfwAimk,,,,,,,,,,,,,,true,V2.ZkZxRrSfuzbmrNrBLZMacPhqiKEALEdugNfcqouSYtskS+DarUcAKoVvuyQVBwPryD==,default/heidimullins@hotmail.com,2022-04-03T02:02:29.000Z,
V2.ZkZxRrSfuzbmrNrBLZMacPhqiKEALEdugNfcqouSYtskS+RiBtYbPrqrrKUWNKNZBH==,ocid1.tenancy.oc1..FeTbZjNCDyeLpuJzPUcLcLMsoxpgNDr,2022-04-03T03:00Z,2022-04-03T04:00Z,NETWORK,ocid1.tenancy.oc1..FeTbZjNCDyeLpuJzPUcLcLMsoxpgNDr,heidimullins,us-phoenix-1,TnOT:US-PHOENIX-1-AD-3,ocid1.instance.oci.us-phoenix-1.OHhKLaaJOeWFLiynGEJDwZBgeGqZrfwAimk,,,,,,,,,,,,,,true,V2.ZkZxRrSfuzbmrNrBLZMacPhqiKEALEdugNfcqouSYtskS+pTXByxNPhUFKoOKGOjqv==,default/heidimullins@hotmail.com,2022-04-03T04:06:15.000Z,
V2.ZkZxRrSfuzbmrNrBLZMacPhqiKEALEdugNfcqouSYtskS+SRUVgJzvZkEeLXxrwXFP==,ocid1.tenancy.oc1..FeTbZjNCDyeLpuJzPUcLcLMsoxpgNDr,2022-04-03T04:00Z,2022-04-03T05:00Z,NETWORK,ocid1.tenancy.oc1..FeTbZjNCDyeLpuJzPUcLcLMsoxpgNDr,heidimullins,us-phoenix-1,TnOT:US-PHOENIX-1-AD-3,ocid1.instance.oci.us-phoenix-1.OHhKLaaJOeWFLiynGEJDwZBgeGqZrfwAimk,,,,,,,,,,,,,,true,V2.ZkZxRrSfuzbmrNrBLZMacPhqiKEALEdugNfcqouSYtskS+fBzRtopcaDHoWaPwrwvg==,default/heidimullins@hotmail.com,,
V2.ZkZxRrSfuzbmrNrBLZMacPhqiKEALEdugNfcqouSYtskS+fOPzTaikQWBFfReAoIAh==,ocid1.tenancy.oc1..FeTbZjNCDyeLpuJzPUcLcLMsoxpgNDr,2022-04-03T05:00Z,2022-04-03T06:00Z,NETWORK,ocid1.tenancy.oc1..FeTbZjNCDyeLpuJzPUcLcLMsoxpgNDr,heidimullins,us-phoenix-1,TnOT:US-PHOENIX-1-AD-3,ocid1.instance.oci.us-phoenix-1.OHhKLaaJOeWFLiynGEJDwZBgeGqZrfwAimk,,,,,,,,,,,,,,true,V2.ZkZxRrSfuzbmrNrBLZMacPhqiKEALEdugNfcqouSYtskS+RKhVOQoFLNyIiDBHWvsh==,default/heidimullins@hotmail.com,2022-04-03T06:39:04.000Z,true
V2.ZkZxRrSfuzbmrNrBLZMacPhqiKEALEdugNfcqouSYtskS+GIePmDJqlZipqIXRNqVl==,ocid1.tenancy.oc1..FeTbZjNCDyeLpuJzPUcLcLMsoxpgNDr,2022-04-03T06:00Z,2022-04-03T07:00Z,NETWORK,ocid1.tenancy.oc1..FeTbZjNCDyeLpuJzPUcLcLMsoxpgNDr,heidimullins,us-phoenix-1,TnOT:US-PHOENIX-1-AD-3,ocid1.instance.oci.us-phoenix-1.OHhKLaaJOeWFLiynGEJDwZBgeGqZrfwAimk,,,,,,,,,,,,,,true,V2.ZkZxRrSfuzbmrNrBLZMacPhqiKEALEdugNfcqouSYtskS+bqTlamxLabAwYOkhXoTB==,default/heidimullins@hotmail.com,,true
V2.ZkZxRrSfuzbmrNrBLZMacPhqiKEALEdugNfcqouSYtskS+TmwCFNFQxAebeiJzdkhK==,ocid1.tenancy.oc1..FeTbZjNCDyeLpuJzPUcLcLMsoxpgNDr,2022-04-03T07:00Z,2022-04-03T08:00Z,NETWORK,ocid1.tenancy.oc1..FeTbZjNCDyeLpuJzPUcLcLMsoxpgNDr,heidimullins,us-phoenix-1,TnOT:US-PHOENIX-1-AD-3,ocid1.instance.oci.us-phoenix-1.OHhKLaaJOeWFLiynGEJDwZBgeGqZrfwAimk,,,,,,,,,,,,,,true,V2.ZkZxRrSfuzbmrNrBLZMacPhqiKEALEdugNfcqouSYtskS+TOmgBjdZdgtnsxJkwWYA==,default/heidimullins@hotmail.com,2022-04-03T07:50:31.000Z,
V2.ZkZxRrSfuzbmrNrBLZMacPhqiKEALEdugNfcqouSYtskS+BtYJTbAJNQpNRjCUfvmT==,ocid1.tenancy.oc1..FeTbZjNCDyeLpuJzPUcLcLMsoxpgNDr,2022-04-03T08:00Z,2022-04-03T09:00Z,NETWORK,ocid1.tenancy.oc1..FeTbZjNCDyeLpuJzPUcLcLMsoxpgNDr,heidimullins,us-phoenix-1,TnOT:US-PHOENIX-1-AD-3,ocid1.instance.oci.us-phoenix-1.OHhKLaaJOeWFLiynGEJDwZBgeGqZrfwAimk,,,,,,,,,,,,,,true,V2.ZkZxRrSfuzbmrNrBLZMacPhqiKEALEdugNfcqouSYtskS+FBnQfZDJpHiOgaTKuNsY==,default/heidimullins@hotmail.com,2022-04-03T09:19:48.000Z,
V2.ZkZxRrSfuzbmrNrBLZMacPhqiKEALEdugNfcqouSYtskS+AvGJKcyYAspnKgETXucJ==,ocid1.tenancy.oc1..FeTbZjNCDyeLpuJzPUcLcLMsoxpgNDr,2022-04-03T09:00Z,2022-04-03T10:00Z,NETWORK,ocid1.tenancy.oc1..FeTbZjNCDyeLpuJzPUcLcLMsoxpgNDr,heidimullins,us-phoenix-1,TnOT:US-PHOENIX-1-AD-3,ocid1.instance.oci.us-phoenix-1.OHhKLaaJOeWFLiynGEJDwZBgeGqZrfwAimk,,,,,,,,,,,,,,true,V2.ZkZxRrSfuzbmrNrBLZMacPhqiKEALEdugNfcqouSYtskS+PofNfmckvuJgxNIPtOLc==,default/heidimullins@hotmail.com,,true
V2.ZkZxRrSfuzbmrNrBLZMacPhqiKEALEdugNfcqouSYtskS+KTGSToDEmYekuFugsiaW==,ocid1.tenancy.oc1..FeTbZjNCDyeLpuJzPUcLcLMsoxpgNDr,2022-04-03T10:00Z,2022-04-03T11:00Z,NETWORK,ocid1.tenancy.oc1..FeTbZjNCDyeLpuJzPUcLcLMsoxpgNDr,heidimullins,us-phoenix-1,TnOT:US-PHOENIX-1-AD-3,ocid1.instance.oci.us-phoenix-1.OHhKLaaJOeWFLiynGEJDwZBgeGqZrfwAimk,,,,,,,,,,,,,,true,V2.ZkZxRrSfuzbmrNrBLZMacPhqiKEALEdugNfcqouSYtskS+yFGXlaHmDNqSlImtRoSP==,default/heidimullins@hotmail.com,2022-04-03T10:11:27.000Z,
V2.ZkZxRrSfuzbmrNrBLZMacPhqiKEALEdugNfcqouSYtskS+bssPFxfzxaiQrygjnxYF==,ocid1.tenancy.oc1..FeTbZjNCDyeLpuJzPUcLcLMsoxpgNDr,2022-04-03T11:00Z,2022-04-03T12:00Z,NETWORK,ocid1.tenancy.oc1..FeTbZjNCDyeLpuJzPUcLcLMsoxpgNDr,heidimullins,us-phoenix-1,TnOT:US-PHOENIX-1-AD-3,ocid1.instance.oci.us-phoenix-1.OHhKLaaJOeWFLiynGEJDwZBgeGqZrfwAimk,,,,,,,,,,,,,,true,V2.ZkZxRrSfuzbmrNrBLZMacPhqiKEALEdugNfcqouSYtskS+ojjNPjOAVajouxIlPnDc==,default/heidimullins@hotmail.com,2022-04-03T11:26:25.000Z,true
V2.ZkZxRrSfuzbmrNrBLZMacPhqiKEALEdugNfcqouSYtskS+BIkFaTyVqXVAkyxwpiRi==,ocid1.tenancy.oc1..FeTbZjNCDyeLpuJzPUcLcLMsoxpgNDr,2022-04-03T12:00Z,2022-04-03T13:00Z,NETWORK,ocid1.tenancy.oc1..FeTbZjNCDyeLpuJzPUcLcLMsoxpgNDr,heidimullins,us-phoenix-1,TnOT:US-PHOENIX-1-AD-3,ocid1.instance.oci.us-phoenix-1.OHhKLaaJOeWFLiynGEJDwZBgeGqZrfwAimk,,,,,,,,,,,,,,true,V2.ZkZxRrSfuzbmrNrBLZMacPhqiKEALEdugNfcqouSYtskS+lAsaAxXtttqTegJHbQSv==,default/heidimullins@hotmail.com,2022-04-03T12:38:50.000Z,true
V2.ZkZxRrSfuzbmrNrBLZMacPhqiKEALEdugNfcqouSYtskS+ciacOghfPCQtnQeRUxHb==,ocid1.tenancy.oc1..FeTbZjNCDyeLpuJzPUcLcLMsoxpgNDr,2022-04-03T13:00Z,2022-04-03T14:00Z,NETWORK,ocid1.tenancy.oc1..FeTbZjNCDyeLpuJzPUcLcLMsoxpgNDr,heidimullins,us-phoenix-1,TnOT:US-PHOENIX-1-AD-3,ocid1.instance.oci.us-phoenix-1.OHhKLaaJOeWFLiynGEJDwZBgeGqZrfwAimk,,,,,,,,,,,,,,true,V2.ZkZxRrSfuzbmrNrBLZMacPhqiKEALEdugNfcqouSYtskS+yhFNqDeefVGAITQDskBT==,default/heidimullins@hotmail.com,2022-04-03T13:47:16.000Z,
V2.ZkZxRrSfuzbmrNrBLZMacPhqiKEALEdugNfcqouSYtskS+FCbmFMKtNTQlnufTDKre==,ocid1.tenancy.oc1..FeTbZjNCDyeLpuJzPUcLcLMsoxpgNDr,2022-04-03T14:00Z,2022-04-03T15:00Z,NETWORK,ocid1.tenancy.oc1..FeTbZjNCDyeLpuJzPUcLcLMsoxpgNDr,heidimullins,us-phoenix-1,TnOT:US-PHOENIX-1-AD-3,ocid1.instance.oci.us-phoenix-1.OHhKLaaJOeWFLiynGEJDwZBgeGqZrfwAimk,,,,,,,,,,,,,,true,V2.ZkZxRrSfuzbmrNrBLZMacPhqiKEALEdugNfcqouSYtskS+VpnxReJIrzDkCkOVfZSu==,default/heidimullins@hotmail.com,2022-04-03T14:09:36.000Z,
V2.ZkZxRrSfuzbmrNrBLZMacPhqiKEALEdugNfcqouSYtskS+gepiLgUqwtgtgiNFXVLU==,ocid1.tenancy.oc1..FeTbZjNCDyeLpuJzPUcLcLMsoxpgNDr,2022-04-03T15:00Z,2022-04-03T16:00Z,NETWORK,ocid1.tenancy.oc1..FeTbZjNCDyeLpuJzPUcLcLMsoxpgNDr,heidimullins,us-phoenix-1,TnOT:US-PHOENIX-1-AD-3,ocid1.instance.oci.us-phoenix-1.OHhKLaaJOeWFLiynGEJDwZBgeGqZrfwAimk,,,,,,,,,,,,,,true,V2.ZkZxRrSfuzbmrNrBLZMacPhqiKEALEdugNfcqouSYtskS+xONUOyNHDvpjgSxzAfjU==,default/heidimullins@hotmail.com,2022-04-03T16:02:09.000Z,true
V2.ZkZxRrSfuzbmrNrBLZMacPhqiKEALEdugNfcqouSYtskS+jsBfugJTrioLgGVuufnA==,ocid1.tenancy.oc1..FeTbZjNCDyeLpuJzPUcLcLMsoxpgNDr,2022-04-03T16:00Z,2022-04-03T17:00Z,NETWORK,ocid1.tenancy.oc1..FeTbZjNCDyeLpuJzPUcLcLMsoxpgNDr,heidimullins,us-phoenix-1,TnOT:US-PHOENIX-1-AD-3,ocid1.instance.oci.us-phoenix-1.OHhKLaaJOeWFLiynGEJDwZBgeGqZrfwAimk,,,,,,,,,,,,,,true,V2.ZkZxRrSfuzbmrNrBLZMacPhqiKEALEdugNfcqouSYtskS+tLfoklTCKpvxlOmNUNnJ==,default/heidimullins@hotmail.com,,true
V2.ZkZxRrSfuzbmrNrBLZMacPhqiKEALEdugNfcqouSYtskS+sNCKDcGwEqkqfajWDxma==,ocid1.tenancy.oc1..FeTbZjNCDyeLpuJzPUcLcLMsoxpgNDr,2022-04-03T17:00Z,2022-04-03T18:00Z,NETWORK,ocid1.tenancy.oc1..FeTbZjNCDyeLpuJzPUcLcLMsoxpgNDr,heidimullins,us-phoenix-1,TnOT:US-PHOENIX-1-AD-3,ocid1.instance.oci.us-phoenix-1.OHhKLaaJOeWFLiynGEJDwZBgeGqZrfwAimk,,,,,,,,,,,,,,true,V2.ZkZxRrSfuzbmrNrBLZMacPhqiKEALEdugNfcqouSYtskS+cLJZnShUtVfJTkdyFYeh==,default/heidimullins@hotmail.com,,
V2.ZkZxRrSfuzbmrNrBLZMacPhqiKEALEdugNfcqouSYtskS+ISbVMAvSHcJgJRBgMrrM==,ocid1.tenancy.oc1..FeTbZjNCDyeLpuJzPUcLcLMsoxpgNDr,2022-04-03T18:00Z,2022-04-03T19:00Z,NETWORK,ocid1.tenancy.oc1..FeTbZjNCDyeLpuJzPUcLcLMsoxpgNDr,heidimullins,us-phoenix-1,TnOT:US-PHOENIX-1-AD-3,ocid1.instance.oci.us-phoenix-1.OHhKLaaJOeWFLiynGEJDwZBgeGqZrfwAimk,,,,,,,,,,,,,,true,V2.ZkZxRrSfuzbmrNrBLZMacPhqiKEALEdugNfcqouSYtskS+ymJMkotXsfvWQjSSGwwD==,default/heidimullins@hotmail.com,2022-04-03T19:49:13.000Z,true
V2.ZkZxRrSfuzbmrNrBLZMacPhqiKEALEdugNfcqouSYtskS+CRpGVWIoZjxsnJKNXpUp==,ocid1.tenancy.oc1..FeTbZjNCDyeLpuJzPUcLcLMsoxpgNDr,2022-04-03T19:00Z,2022-04-03T20:00Z,NETWORK,ocid1.tenancy.oc1..FeTbZjNCDyeLpuJzPUcLcLMsoxpgNDr,heidimullins,us-phoenix-1,TnOT:US-PHOENIX-1-AD-3,ocid1.instance.oci.us-phoenix-1.OHhKLaaJOeWFLiynGEJDwZBgeGqZrfwAimk,,,,,,,,,,,,,,true,V2.ZkZxRrSfuzbmrNrBLZMacPhqiKEALEdugNfcqouSYtskS+bLEFncnYZRVqFzHOOkYz==,default/heidimullins@hotmail.com,,
V2.ZkZxRrSfuzbmrNrBLZMacPhqiKEALEdugNfcqouSYtskS+LDDYcFhCQEPgDblaAUFg==,ocid1.tenancy.oc1..FeTbZjNCDyeLpuJzPUcLcLMsoxpgNDr,2022-04-03T20:00Z,2022-04-03T21:00Z,NETWORK,ocid1.tenancy.oc1..FeTbZjNCDyeLpuJzPUcLcLMsoxpgNDr,heidimullins,us-phoenix-1,TnOT:US-PHOENIX-1-AD-3,ocid1.instance.oci.us-phoenix-1.OHhKLaaJOeWFLiynGEJDwZBgeGqZrfwAimk,,,,,,,,,,,,,,true,V2.ZkZxRrSfuzbmrNrBLZMacPhqiKEALEdugNfcqouSYtskS+KLQWwSbiYDOufHLjnfmt==,default/heidimullins@hotmail.com,2022-04-03T21:42:05.000Z,true
V2.ZkZxRrSfuzbmrNrBLZMacPhqiKEALEdugNfcqouSYtskS+UJXlSTbjDatsHUqZDJuh==,ocid1.tenancy.oc1..FeTbZjNCDyeLpuJzPUcLcLMsoxpgNDr,2022-04-03T21:00Z,2022-04-03T22:00Z,NETWORK,ocid1.tenancy.oc1..FeTbZjNCDyeLpuJzPUcLcLMsoxpgNDr,heidimullins,us-phoenix-1,TnOT:US-PHOENIX-1-AD-3,ocid1.instance.oci.us-phoenix-1.OHhKLaaJOeWFLiynGEJDwZBgeGqZrfwAimk,,,,,,,,,,,,,,true,V2.ZkZxRrSfuzbmrNrBLZMacPhqiKEALEdugNfcqouSYtskS+gWGgEpHuwrjlvlvfilzn==,default/heidimullins@hotmail.com,,true
V2.ZkZxRrSfuzbmrNrBLZMacPhqiKEALEdugNfcqouSYtskS+GpRPySPTJNFVcQQSXHQY==,ocid1.tenancy.oc1..FeTbZjNCDyeLpuJzPUcLcLMsoxpgNDr,2022-04-03T22:00Z,2022-04-03T23:00Z,NETWORK,ocid1.tenancy.oc1..FeTbZjNCDyeLpuJzPUcLcLMsoxpgNDr,heidimullins,us-phoenix-1,TnOT:US-PHOENIX-1-AD-3,ocid1.instance.oci.us-phoenix-1.OHhKLaaJOeWFLiynGEJDwZBgeGqZrfwAimk,,,,,,,,,,,,,,true,V2.ZkZxRrSfuzbmrNrBLZMacPhqiKEALEdugNfcqouSYtskS+RRvgCHzGEIJMzIEfaHnJ==,default/heidimullins@hotmail.com,2022-04-03T23:45:03.000Z,true
V2.ZkZxRrSfuzbmrNrBLZMacPhqiKEALEdugNfcqouSYtskS+GpcjXRSPUSFseRTkhBCp==,ocid1.tenancy.oc1..FeTbZjNCDyeLpuJzPUcLcLMsoxpgNDr,2022-04-03T23:00Z,2022-04-04T00:00Z,NETWORK,ocid1.tenancy.oc1..FeTbZjNCDyeLpuJzPUcLcLMsoxpgNDr,heidimullins,us-phoenix-1,TnOT:US-PHOENIX-1-AD-3,ocid1.instance.oci.us-phoenix-1.OHhKLaaJOeWFLiynGEJDwZBgeGqZrfwAimk,,,,,,,,,,,,,,true,V2.ZkZxRrSfuzbmrNrBLZMacPhqiKEALEdugNfcqouSYtskS+COCnwYIwOQQYvSDOcZmO==,default/heidimullins@hotmail.com,,
V2.ZkZxRrSfuzbmrNrBLZMacPhqiKEALEdugNfcqouSYtskS+LnzmTYDKKExqNvtHmrKd==,ocid1.tenancy.oc1..FeTbZjNCDyeLpuJzPUcLcLMsoxpgNDr,2022-04-04T00:00Z,2022-04-04T01:00Z,NETWORK,ocid1.tenancy.oc1..FeTbZjNCDyeLpuJzPUcLcLMsoxpgNDr,heidimullins,us-phoenix-1,TnOT:US-PHOENIX-1-AD-3,ocid1.instance.oci.us-phoenix-1.OHhKLaaJOeWFLiynGEJDwZBgeGqZrfwAimk,,,,,,,,,,,,,,true,V2.ZkZxRrSfuzbmrNrBLZMacPhqiKEALEdugNfcqouSYtskS+izeADmMsqCPhNKpWCgNu==,default/heidimullins@hotmail.com,2022-04-04T01:33:20.000Z,true
V2.ZkZxRrSfuzbmrNrBLZMacPhqiKEALEdugNfcqouSYtskS+tDVpIywkDtkQxzoBIaBu==,ocid1.tenancy.oc1..FeTbZjNCDyeLpuJzPUcLcLMsoxpgNDr,2022-04-04T01:00Z,2022-04-04T02:00Z,NETWORK,ocid1.tenancy.oc1..FeTbZjNCDyeLpuJzPUcLcLMsoxpgNDr,heidimullins,us-phoenix-1,TnOT:US-PHOENIX-1-AD-3,ocid1.instance.oci.us-phoenix-1.OHhKLaaJOeWFLiynGEJDwZBgeGqZrfwAimk,,,,,,,,,,,,,,true,V2.ZkZxRrSfuzbmrNrBLZMacPhqiKEALEdugNfcqouSYtskS+yWhXLyXkNydEZUGedLbI==,default/heidimullins@hotmail.com,2022-04-04T01:33:06.000Z,true
V2.ZkZxRrSfuzbmrNrBLZMacPhqiKEALEdugNfcqouSYtskS+OKtKUbGwhvHotVTvxxbG==,ocid1.tenancy.oc1..FeTbZjNCDyeLpuJzPUcLcLMsoxpgNDr,2022-04-04T02:00Z,2022-04-04T03:00Z,NETWORK,ocid1.tenancy.oc1..FeTbZjNCDyeLpuJzPUcLcLMsoxpgNDr,heidimullins,us-phoenix-1,TnOT:US-PHOENIX-1-AD-3,ocid1.instance.oci.us-phoenix-1.OHhKLaaJOeWFLiynGEJDwZBgeGqZrfwAimk,,,,,,,,,,,,,,true,V2.ZkZxRrSfuzbmrNrBLZMacPhqiKEALEdugNfcqouSYtskS+XyujuuKnMDxxcISbcdoM==,default/heidimullins@hotmail.com,2022-04-04T03:08:18.000Z,true
V2.ZkZxRrSfuzbmrNrBLZMacPhqiKEALEdugNfcqouSYtskS+NFVAutDoxdnfsdndUgHy==,ocid1.tenancy.oc1..FeTbZjNCDyeLpuJzPUcLcLMsoxpgNDr,2022-04-04T03:00Z,2022-04-04T04:00Z,NETWORK,ocid1.tenancy.oc1..FeTbZjNCDyeLpuJzPUcLcLMsoxpgNDr,heidimullins,us-phoenix-1,TnOT:US-PHOENIX-1-AD-3,ocid1.instance.oci.us-phoenix-1.OHhKLaaJOeWFLiynGEJDwZBgeGqZrfwAimk,,,,,,,,,,,,,,true,V2.ZkZxRrSfuzbmrNrBLZMacPhqiKEALEdugNfcqouSYtskS+lhNhlHUEZvYbDcLqIMAe==,default/heidimullins@hotmail.com,,
V2.ZkZxRrSfuzbmrNrBLZMacPhqiKEALEdugNfcqouSYtskS+SnzIYyRGlCqGcXTrJFVr==,ocid1.tenancy.oc1..FeTbZjNCDyeLpuJzPUcLcLMsoxpgNDr,2022-04-04T04:00Z,2022-04-04T05:00Z,NETWORK,ocid1.tenancy.oc1..FeTbZjNCDyeLpuJzPUcLcLMsoxpgNDr,heidimullins,us-phoenix-1,TnOT:US-PHOENIX-1-AD-3,ocid1.instance.oci.us-phoenix-1.OHhKLaaJOeWFLiynGEJDwZBgeGqZrfwAimk,,,,,,,,,,,,,,true,V2.ZkZxRrSfuzbmrNrBLZMacPhqiKEALEdugNfcqouSYtskS+XOFXkNAXaEatToCTiHCj==,default/heidimullins@hotmail.com,2022-04-04T05:27:27.000Z,true
V2.ZkZxRrSfuzbmrNrBLZMacPhqiKEALEdugNfcqouSYtskS+pGauJbBEwqkwcsbwhCyv==,ocid1.tenancy.oc1..FeTbZjNCDyeLpuJzPUcLcLMsoxpgNDr,2022-04-04T05:00Z,2022-04-04T06:00Z,NETWORK,ocid1.tenancy.oc1..FeTbZjNCDyeLpuJzPUcLcLMsoxpgNDr,heidimullins,us-phoenix-1,TnOT:US-PHOENIX-1-AD-3,ocid1.instance.oci.us-phoenix-1.OHhKLaaJOeWFLiynGEJDwZBgeGqZrfwAimk,,,,,,,,,,,,,,true,V2.ZkZxRrSfuzbmrNrBLZMacPhqiKEALEdugNfcqouSYtskS+vXTacuczyFlqDFAcMius==,default/heidimullins@hotmail.com,,
V2.ZkZxRrSfuzbmrNrBLZMacPhqiKEALEdugNfcqouSYtskS+MnfpMxqpyoUDtOSlXtLD==,ocid1.tenancy.oc1..FeTbZjNCDyeLpuJzPUcLcLMsoxpgNDr,2022-04-04T06:00Z,2022-04-04T07:00Z,NETWORK,ocid1.tenancy.oc1..FeTbZjNCDyeLpuJzPUcLcLMsoxpgNDr,heidimullins,us-phoenix-1,TnOT:US-PHOENIX-1-AD-3,ocid1.instance.oci.us-phoenix-1.OHhKLaaJOeWFLiynGEJDwZBgeGqZrfwAimk,,,,,,,,,,,,,,true,V2.ZkZxRrSfuzbmrNrBLZMacPhqiKEALEdugNfcqouSYtskS+cxwKhFWubdfhJuPlDEcz==,default/heidimullins@hotmail.com,,
V2.ZkZxRrSfuzbmrNrBLZMacPhqiKEALEdugNfcqouSYtskS+HtrUrgNISpdTRUlnyMlD==,ocid1.tenancy.oc1..FeTbZjNCDyeLpuJzPUcLcLMsoxpgNDr,2022-04-04T07:00Z,2022-04-04T08:00Z,NETWORK,ocid1.tenancy.oc1..FeTbZjNCDyeLpuJzPUcLcLMsoxpgNDr,heidimullins,us-phoenix-1,TnOT:US-PHOENIX-1-AD-3,ocid1.instance.oci.us-phoenix-1.OHhKLaaJOeWFLiynGEJDwZBgeGqZrfwAimk,,,,,,,,,,,,,,true,V2.ZkZxRrSfuzbmrNrBLZMacPhqiKEALEdugNfcqouSYtskS+wJyiyMQGLPgUpdHXbkdh==,default/heidimullins@hotmail.com,2022-04-04T07:50:27.000Z,
V2.ZkZxRrSfuzbmrNrBLZMacPhqiKEALEdugNfcqouSYtskS+tjHnamJKqwAtCUKjImzH==,ocid1.tenancy.oc1..FeTbZjNCDyeLpuJzPUcLcLMsoxpgNDr,2022-04-04T08:00Z,2022-04-04T09:00Z,NETWORK,ocid1.tenancy.oc1..FeTbZjNCDyeLpuJzPUcLcLMsoxpgNDr,heidimullins,us-phoenix-1,TnOT:US-PHOENIX-1-AD-3,ocid1.instance.oci.us-phoenix-1.OHhKLaaJOeWFLiynGEJDwZBgeGqZrfwAimk,,,,,,,,,,,,,,true,V2.ZkZxRrSfuzbmrNrBLZMacPhqiKEALEdugNfcqouSYtskS+mLzbyGxDVjZzWsJDFyzX==,default/heidimullins@hotmail.com,,
V2.ZkZxRrSfuzbmrNrBLZMacPhqiKEALEdugNfcqouSYtskS+aACywQODDyKWeYZrcKnq==,ocid1.tenancy.oc1..FeTbZjNCDyeLpuJzPUcLcLMsoxpgNDr,2022-04-04T09:00Z,2022-04-04T10:00Z,NETWORK,ocid1.tenancy.oc1..FeTbZjNCDyeLpuJzPUcLcLMsoxpgNDr,heidimullins,us-phoenix-1,TnOT:US-PHOENIX-1-AD-3,ocid1.instance.oci.us-phoenix-1.OHhKLaaJOeWFLiynGEJDwZBgeGqZrfwAimk,,,,,,,,,,,,,,true,V2.ZkZxRrSfuzbmrNrBLZMacPhqiKEALEdugNfcqouSYtskS+fDukodFLAHWIuCFwUMJD==,default/heidimullins@hotmail.com,2022-04-04T09:12:24.000Z,
V2.ZkZxRrSfuzbmrNrBLZMacPhqiKEALEdugNfcqouSYtskS+ZDiUDfdAWJXItPtwjLou==,ocid1.tenancy.oc1..FeTbZjNCDyeLpuJzPUcLcLMsoxpgNDr,2022-04-04T10:00Z,2022-04-04T11:00Z,NETWORK,ocid1.tenancy.oc1..FeTbZjNCDyeLpuJzPUcLcLMsoxpgNDr,heidimullins,us-phoenix-1,TnOT:US-PHOENIX-1-AD-3,ocid1.instance.oci.us-phoenix-1.OHhKLaaJOeWFLiynGEJDwZBgeGqZrfwAimk,,,,,,,,,,,,,,true,V2.ZkZxRrSfuzbmrNrBLZMacPhqiKEALEdugNfcqouSYtskS+UdiLauDDDFxQKibDFgBk==,default/heidimullins@hotmail.com,2022-04-04T11:48:25.000Z,
V2.ZkZxRrSfuzbmrNrBLZMacPhqiKEALEdugNfcqouSYtskS+UvzMVvtrHsvaeoHNWNMU==,ocid1.tenancy.oc1..FeTbZjNCDyeLpuJzPUcLcLMsoxpgNDr,2022-04-04T11:00Z,2022-04-04T12:00Z,NETWORK,ocid1.tenancy.oc1..FeTbZjNCDyeLpuJzPUcLcLMsoxpgNDr,heidimullins,us-phoenix-1,TnOT:US-PHOENIX-1-AD-3,ocid1.instance.oci.us-phoenix-1.OHhKLaaJOeWFLiynGEJDwZBgeGqZrfwAimk,,,,,,,,,,,,,,true,V2.ZkZxRrSfuzbmrNrBLZMacPhqiKEALEdugNfcqouSYtskS+vqLpHuPvnfpevBTInpiO==,default/heidimullins@hotmail.com,2022-04-04T11:24:46.000Z,
V2.ZkZxRrSfuzbmrNrBLZMacPhqiKEALEdugNfcqouSYtskS+nKITFrbxpVMYQACmuIhx==,ocid1.tenancy.oc1..FeTbZjNCDyeLpuJzPUcLcLMsoxpgNDr,2022-04-04T12:00Z,2022-04-04T13:00Z,NETWORK,ocid1.tenancy.oc1..FeTbZjNCDyeLpuJzPUcLcLMsoxpgNDr,heidimullins,us-phoenix-1,TnOT:US-PHOENIX-1-AD-3,ocid1.instance.oci.us-phoenix-1.OHhKLaaJOeWFLiynGEJDwZBgeGqZrfwAimk,,,,,,,,,,,,,,true,V2.ZkZxRrSfuzbmrNrBLZMacPhqiKEALEdugNfcqouSYtskS+VjTOIiXHfXqwWssVoXIY==,default/heidimullins@hotmail.com,2022-04-04T12:14:47.000Z,
V2.ZkZxRrSfuzbmrNrBLZMacPhqiKEALEdugNfcqouSYtskS+IBYEdayFfPSlFMLYjusg==,ocid1.tenancy.oc1..FeTbZjNCDyeLpuJzPUcLcLMsoxpgNDr,2022-04-04T13:00Z,2022-04-04T14:00Z,NETWORK,ocid1.tenancy.oc1..FeTbZjNCDyeLpuJzPUcLcLMsoxpgNDr,heidimullins,us-phoenix-1,TnOT:US-PHOENIX-1-AD-3,ocid1.instance.oci.us-phoenix-1.OHhKLaaJOeWFLiynGEJDwZBgeGqZrfwAimk,,,,,,,,,,,,,,true,V2.ZkZxRrSfuzbmrNrBLZMacPhqiKEALEdugNfcqouSYtskS+fKFuzEQHrbIiOBNDOyUN==,default/heidimullins@hotmail.com,,true
V2.ZkZxRrSfuzbmrNrBLZMacPhqiKEALEdugNfcqouSYtskS+hjihQjkdbdmOUaHhiUAB==,ocid1.tenancy.oc1..FeTbZjNCDyeLpuJzPUcLcLMsoxpgNDr,2022-04-04T14:00Z,2022-04-04T15:00Z,NETWORK,ocid1.tenancy.oc1..FeTbZjNCDyeLpuJzPUcLcLMsoxpgNDr,heidimullins,us-phoenix-1,TnOT:US-PHOENIX-1-AD-3,ocid1.instance.oci.us-phoenix-1.OHhKLaaJOeWFLiynGEJDwZBgeGqZrfwAimk,,,,,,,,,,,,,,true,V2.ZkZxRrSfuzbmrNrBLZMacPhqiKEALEdugNfcqouSYtskS+MvpysQCvafjHZsytbyiy==,default/heidimullins@hotmail.com,2022-04-04T14:34:35.000Z,true
V2.ZkZxRrSfuzbmrNrBLZMacPhqiKEALEdugNfcqouSYtskS+wZMsNqaJyqibQVwbpNwp==,ocid1.tenancy.oc1..FeTbZjNCDyeLpuJzPUcLcLMsoxpgNDr,2022-04-04T15:00Z,2022-04-04T16:00Z,NETWORK,ocid1.tenancy.oc1..FeTbZjNCDyeLpuJzPUcLcLMsoxpgNDr,heidimullins,us-phoenix-1,TnOT:US-PHOENIX-1-AD-3,ocid1.instance.oci.us-phoenix-1.OHhKLaaJOeWFLiynGEJDwZBgeGqZrfwAimk,,,,,,,,,,,,,,true,V2.ZkZxRrSfuzbmrNrBLZMacPhqiKEALEdugNfcqouSYtskS+cVsOZGHVNhtYoyfirFUI==,default/heidimullins@hotmail.com,2022-04-04T15:49:10.000Z,true
V2.ZkZxRrSfuzbmrNrBLZMacPhqiKEALEdugNfcqouSYtskS+UXaPmiTmAZwLiTAgKXbC==,ocid1.tenancy.oc1..FeTbZjNCDyeLpuJzPUcLcLMsoxpgNDr,2022-04-04T16:00Z,2022-04-04T17:00Z,NETWORK,ocid1.tenancy.oc1..FeTbZjNCDyeLpuJzPUcLcLMsoxpgNDr,heidimullins,us-phoenix-1,TnOT:US-PHOENIX-1-AD-3,ocid1.instance.oci.us-phoenix-1.OHhKLaaJOeWFLiynGEJDwZBgeGqZrfwAimk,,,,,,,,,,,,,,true,V2.ZkZxRrSfuzbmrNrBLZMacPhqiKEALEdugNfcqouSYtskS+WoHpbzBptmXzNTCCnurp==,default/heidimullins@hotmail.com,,true
V2.ZkZxRrSfuzbmrNrBLZMacPhqiKEALEdugNfcqouSYtskS+yTPaAwLtOoUZdunJhmiS==,ocid1.tenancy.oc1..FeTbZjNCDyeLpuJzPUcLcLMsoxpgNDr,2022-04-04T17:00Z,2022-04-04T18:00Z,NETWORK,ocid1.tenancy.oc1..FeTbZjNCDyeLpuJzPUcLcLMsoxpgNDr,heidimullins,us-phoenix-1,TnOT:US-PHOENIX-1-AD-3,ocid1.instance.oci.us-phoenix-1.OHhKLaaJOeWFLiynGEJDwZBgeGqZrfwAimk,,,,,,,,,,,,,,true,V2.ZkZxRrSfuzbmrNrBLZMacPhqiKEALEdugNfcqouSYtskS+YHzOsVZsUlBjPmQqzsMQ==,default/heidimullins@hotmail.com,,true
V2.ZkZxRrSfuzbmrNrBLZMacPhqiKEALEdugNfcqouSYtskS+XtgnJFDFZkIuReIjDIRj==,ocid1.tenancy.oc1..FeTbZjNCDyeLpuJzPUcLcLMsoxpgNDr,2022-04-04T18:00Z,2022-04-04T19:00Z,NETWORK,ocid1.tenancy.oc1..FeTbZjNCDyeLpuJzPUcLcLMsoxpgNDr,heidimullins,us-phoenix-1,TnOT:US-PHOENIX-1-AD-3,ocid1.instance.oci.us-phoenix-1.OHhKLaaJOeWFLiynGEJDwZBgeGqZrfwAimk,,,,,,,,,,,,,,true,V2.ZkZxRrSfuzbmrNrBLZMacPhqiKEALEdugNfcqouSYtskS+RlbzxKDfJHYCCkpEhdYp==,default/heidimullins@hotmail.com,2022-04-04T19:38:38.000Z,
V2.ZkZxRrSfuzbmrNrBLZMacPhqiKEALEdugNfcqouSYtskS+IcuRKoZCoNSyoIybXcfG==,ocid1.tenancy.oc1..FeTbZjNCDyeLpuJzPUcLcLMsoxpgNDr,2022-04-04T19:00Z,2022-04-04T20:00Z,NETWORK,ocid1.tenancy.oc1..FeTbZjNCDyeLpuJzPUcLcLMsoxpgNDr,heidimullins,us-phoenix-1,TnOT:US-PHOENIX-1-AD-3,ocid1.instance.oci.us-phoenix-1.OHhKLaaJOeWFLiynGEJDwZBgeGqZrfwAimk,,,,,,,,,,,,,,true,V2.ZkZxRrSfuzbmrNrBLZMacPhqiKEALEdugNfcqouSYtskS+ZOBmVhTGaPYsZfkxSqbu==,default/heidimullins@hotmail.com,2022-04-04T19:47:20.000Z,
V2.ZkZxRrSfuzbmrNrBLZMacPhqiKEALEdugNfcqouSYtskS+KkOBStwRPDFtrONvouVa==,ocid1.tenancy.oc1..FeTbZjNCDyeLpuJzPUcLcLMsoxpgNDr,2022-04-04T20:00Z,2022-04-04T21:00Z,NETWORK,ocid1.tenancy.oc1..FeTbZjNCDyeLpuJzPUcLcLMsoxpgNDr,heidimullins,us-phoenix-1,TnOT:US-PHOENIX-1-AD-3,ocid1.instance.oci.us-phoenix-1.OHhKLaaJOeWFLiynGEJDwZBgeGqZrfwAimk,,,,,,,,,,,,,,true,V2.ZkZxRrSfuzbmrNrBLZMacPhqiKEALEdugNfcqouSYtskS+rGpuYBuuFuSDMgmARNOy==,default/heidimullins@hotmail.com,2022-04-04T20:28:02.000Z,true
V2.ZkZxRrSfuzbmrNrBLZMacPhqiKEALEdugNfcqouSYtskS+MOkjMktgxCeOFxQUnplP==,ocid1.tenancy.oc1..FeTbZjNCDyeLpuJzPUcLcLMsoxpgNDr,2022-04-04T21:00Z,2022-04-04T22:00Z,NETWORK,ocid1.tenancy.oc1..FeTbZjNCDyeLpuJzPUcLcLMsoxpgNDr,heidimullins,us-phoenix-1,TnOT:US-PHOENIX-1-AD-3,ocid1.instance.oci.us-phoenix-1.OHhKLaaJOeWFLiynGEJDwZBgeGqZrfwAimk,,,,,,,,,,,,,,true,V2.ZkZxRrSfuzbmrNrBLZMacPhqiKEALEdugNfcqouSYtskS+WHEqmLjkLcwCNrbtUzUV==,default/heidimullins@hotmail.com,2022-04-04T21:47:18.000Z,
V2.ZkZxRrSfuzbmrNrBLZMacPhqiKEALEdugNfcqouSYtskS+mvsdKLuMdKwtuogTsFAy==,ocid1.tenancy.oc1..FeTbZjNCDyeLpuJzPUcLcLMsoxpgNDr,2022-04-04T22:00Z,2022-04-04T23:00Z,NETWORK,ocid1.tenancy.oc1..FeTbZjNCDyeLpuJzPUcLcLMsoxpgNDr,heidimullins,us-phoenix-1,TnOT:US-PHOENIX-1-AD-3,ocid1.instance.oci.us-phoenix-1.OHhKLaaJOeWFLiynGEJDwZBgeGqZrfwAimk,,,,,,,,,,,,,,true,V2.ZkZxRrSfuzbmrNrBLZMacPhqiKEALEdugNfcqouSYtskS+bDdzxsJiEOaVXImtsAHI==,default/heidimullins@hotmail.com,,true
